route_id,service_id,trip_id,trip_short_name,direction_id,shape_id,trip_headsign
36921,112763067270,289170,283,0,279,Niagara Falls
36949,312762707270,289173,291,0,371,Burlington
64,312762707270,289263,43,0,105,Pittsburgh
81,112770737270,289635,49,0,128,Chicago
81,212762707071,289633,49,0,128,Chicago
81,100170727072,289634,49,0,128,Chicago
36921,206262706303,289167,283,0,279,Niagara Falls
36921,206562706305,289169,283,0,279,Niagara Falls
64,312762707270,289587,42,1,106,New York
36921,312762707270,289066,233,0,248,Rensselaer
36921,206262706303,289237,281,0,279,Niagara Falls
36921,206562706305,289238,281,0,279,Niagara Falls
36921,212762706305,289248,284,1,280,New York
36923,112770737270,289381,19,1,242,New Orleans
36921,312762707270,289072,236,1,245,New York
36921,112763047270,289088,240,1,245,New York
36921,112763067270,289093,280,1,280,New York
69,112770017270,289113,89,1,103,Savannah
88,106563326333,289930,199,1,267,Washington
42954,312762707270,289903,6091,1,,Fort Myers
42954,312762707270,289909,6092,0,,Tampa
42954,312762707270,289912,6097,1,,Fort Myers
36923,212762706288,289373,19,1,242,New Orleans
36923,112762896298,289374,19,1,,New Orleans
36923,112762996329,289375,19,1,242,New Orleans
36923,100463306330,289376,19,1,242,New Orleans
36923,112763316352,289377,19,1,242,New Orleans
36923,112763536365,289378,19,1,242,New Orleans
36923,112770017071,289379,19,1,242,New Orleans
36923,100170727072,289380,19,1,242,New Orleans
36921,312762707270,289640,230,1,245,New York
36921,312762707270,289643,232,1,245,New York
36921,312762707270,289651,244,1,245,New York
36921,312762707270,289654,245,0,248,Rensselaer
36921,312762707270,289657,243,0,248,Rensselaer
36921,312762707270,289660,235,0,248,Rensselaer
36921,206262706303,289086,240,1,245,New York
36921,206562706298,289087,240,1,245,New York
36921,212762706305,289092,280,1,280,New York
69,212762706287,289109,89,1,103,Savannah
69,112762996352,289111,89,1,103,Savannah
69,112763536365,289112,89,1,103,Savannah
36921,112763067270,289239,281,0,279,Niagara Falls
36921,112763067270,289249,284,1,280,New York
84,106270047270,290274,524,1,64,Sacramento
40751,206262706282,303368,2119,1,326,Washington
40751,106263206329,303370,2119,1,326,Washington
40751,106263316358,303372,2119,1,326,Washington
40751,106063626365,303374,2119,1,326,Washington
40751,206262706282,303379,2108,0,328,New York
40751,106263206329,303382,2108,0,328,New York
40751,106263316358,303384,2108,0,328,New York
40751,106063626365,303386,2108,0,328,New York
88,100163326332,304637,139,1,260,Washington
41042,100163326332,304752,465,1,318,New Haven
88,206462706277,304767,96,0,264,Boston
88,100163326332,304771,96,0,264,Boston
41042,306462707270,304778,416,0,319,Springfield
41044,106270047270,304787,425,1,320,Springfield
42896,112763347270,304854,5619,0,,Las Vegas
41044,206262706329,304782,425,1,320,Springfield
41044,106263316358,304784,425,1,320,Springfield
41044,106063626365,304786,425,1,320,Springfield
42896,212762706328,304851,5619,0,,Las Vegas
42896,107263296333,304852,5619,0,,Las Vegas
42896,100763306332,304853,5619,0,,Las Vegas
88,106262856289,304982,1164,0,90,Boston
88,106262926296,304983,1164,0,264,Boston
88,106263006317,304985,1164,0,90,Boston
58,103262996299,305005,1051,0,,Philadelphia
88,106262856299,305008,1195,1,260,Washington
88,106263016317,305010,1195,1,260,Washington
88,102463286329,305011,1195,1,267,Washington
88,106262856289,305029,1156,0,339,New York
88,106262926296,305030,1156,0,237,New York
88,103262996299,305031,1156,0,,Washington
88,106263006317,305032,1156,0,339,New York
88,106463267270,304631,132,0,264,Boston
88,106463547270,304638,139,1,260,Washington
40751,106463267270,304685,2264,0,327,Boston
88,106463267270,304770,96,0,264,Boston
40751,206462706277,304683,2264,0,327,Boston
40751,100163326332,304686,2264,0,327,Boston
88,106270047270,304709,125,1,346,Newport News
88,106463267270,304724,166,0,264,Boston
88,206262706282,304701,125,1,346,Newport News
88,106263206329,304704,125,1,346,Newport News
88,106263316352,304706,125,1,346,Newport News
88,106063556365,304707,125,1,346,Newport News
88,206462706277,304721,166,0,264,Boston
88,100163326332,304725,166,0,264,Boston
41042,100163326332,304779,416,0,319,Springfield
41042,306462707270,304751,465,1,318,New Haven
88,206462706277,304628,132,0,264,Boston
88,100163326332,304632,132,0,264,Boston
88,206462706277,304634,139,1,260,Washington
88,106463266347,304636,139,1,260,Washington
36921,312762707270,305039,234,1,245,New York
36921,312762707270,305042,237,0,248,Rensselaer
36921,312762707270,305047,239,0,248,Rensselaer
36921,312762707270,305050,241,0,248,Rensselaer
84,106270047270,305086,537,0,61,Oakland
68,112763067270,305091,64,1,198,New York
95,112762727270,305097,68,1,3,New York
88,212762706282,305327,151,1,392,Roanoke
88,106562836284,305328,151,1,392,Roanoke
88,106562906298,305330,151,1,390,Washington
88,106563046319,305331,151,1,392,Roanoke
88,112763206352,305332,151,1,392,Roanoke
42951,312762707270,182346,307,1,256,St. Louis
56,312762707270,182412,392,0,121,Chicago
56,312762707270,182413,393,1,122,Carbondale
88,100163396346,305599,107,1,267,Washington
88,100263597001,305601,107,1,267,Washington
60,212762706304,305631,518,0,291,Vancouver
60,112763057072,305632,518,0,291,Vancouver
88,100163537270,305345,109,1,267,Washington
36923,112762906298,305479,1019,1,,Washington
60,212762706304,305605,517,1,372,Portland
60,112763057072,305606,517,1,372,Portland
40751,206262706282,305613,2118,0,328,New York
40751,106262856317,305614,2118,0,328,New York
40751,106263206329,305615,2118,0,328,New York
40751,106263316358,305617,2118,0,328,New York
40751,106063626365,305619,2118,0,328,New York
40751,206262706282,305623,2131,1,326,Washington
40751,106263206329,305625,2131,1,326,Washington
40751,106263316352,305627,2131,1,326,Washington
40751,106063556365,305628,2131,1,326,Washington
84,206262706329,305081,537,0,61,Oakland
84,106263346358,305083,537,0,61,Oakland
84,106063626365,305085,537,0,61,Oakland
68,212762706305,305090,64,1,198,New York
95,209762706271,305096,68,1,,New York
88,112763537270,305333,151,1,392,Roanoke
40751,206562706277,305356,2203,1,326,Washington
40751,106562836284,305358,2203,1,326,Washington
40751,106562906298,305359,2203,1,326,Washington
40751,106563046319,305360,2203,1,326,Washington
40751,100463306330,305362,2203,1,326,Washington
40751,100263597001,305363,2203,1,326,Washington
88,206562706277,305364,153,1,267,Washington
88,106562836284,305366,153,1,267,Washington
88,106562906298,305367,153,1,267,Washington
88,106563046319,305368,153,1,267,Washington
88,106563256347,305369,153,1,267,Washington
88,100463306330,305370,153,1,267,Washington
88,100263597001,305372,153,1,267,Washington
88,200162706276,305373,101,1,267,Washington
88,106562836284,305376,101,1,267,Washington
88,106562906298,305377,101,1,267,Washington
88,106563046319,305378,101,1,267,Washington
88,100563256330,305379,101,1,267,Washington
88,100163396346,305381,101,1,267,Washington
88,100263597001,305383,101,1,267,Washington
88,206562706277,305384,103,1,267,Washington
88,106562836284,305386,103,1,267,Washington
88,106562906298,305387,103,1,267,Washington
88,106563046319,305388,103,1,267,Washington
88,106563256347,305389,103,1,267,Washington
88,100463306330,305390,103,1,267,Washington
88,100263597001,305392,103,1,267,Washington
85,112762906298,305393,1079,1,,Washington
88,100163537270,305499,161,1,260,Washington
88,106463547270,305500,161,1,260,Washington
88,100163397270,305516,163,1,260,Washington
88,106563537270,305527,87,1,342,Norfolk
88,200162706276,305591,107,1,267,Washington
88,106562836284,305593,107,1,267,Washington
88,106562906298,305595,107,1,267,Washington
88,106563046319,305596,107,1,267,Washington
88,100563256330,305597,107,1,267,Washington
23565,312762707270,189776,7104,1,,Lamy
23565,312762707270,189782,7204,0,,Los Alamos
42954,312762707270,194956,5014,1,,Emeryville
42951,312762707270,195509,301,1,256,St. Louis
42954,312762707270,207656,5874,1,,Los Angeles
42985,306462707270,211069,9478,0,,Baltimore
42985,306462707270,211073,9485,1,,Washington
42985,306462707270,211074,9486,0,,Baltimore
42985,306462707270,211078,9692,0,,Martin Airport
42985,306462707270,211081,9694,0,,Martin Airport
42951,312762707270,218961,302,0,254,Chicago
36926,312762707270,218964,319,1,376,Kansas City
42951,312762707270,220046,306,0,254,Chicago
42954,312762707270,222141,5713,0,,Bakersfield
42954,312762707270,222143,5715,0,,Bakersfield
42954,312762707270,222145,5815,0,,Bakersfield
42954,312762707270,222147,5813,0,,Bakersfield
42954,312762707270,222163,5817,0,,Bakersfield
42954,312762707270,222172,5811,0,,Bakersfield
42954,312762707270,222248,3865,0,,Stockton
42985,300162707270,222461,9675,1,,Washington
42985,300162707270,222468,9685,1,,Washington
42985,300162707270,222474,9494,0,,Baltimore
42985,306562707270,222476,9491,1,,Washington
42985,306562707270,222490,9495,1,,Washington
42985,300162707270,222492,9497,1,,Washington
42985,300162707270,222514,9696,0,,Martin Airport
42985,300162707270,222516,9698,0,,Martin Airport
42985,300162707270,222534,9688,0,,Martin Airport
42985,306562707270,222568,9487,1,,Washington
42985,306562707270,222570,9490,0,,Baltimore
42985,300162707270,222572,9476,0,,Baltimore
42985,300162707270,222574,9480,0,,Baltimore
42985,306562707270,222576,9482,0,,Baltimore
42985,300162707270,222578,9492,0,,Baltimore
42985,300162707270,222580,9499,1,,Washington
42985,300162707270,222582,9689,1,,Washington
42985,300162707270,222590,9481,1,,Washington
42954,312762707270,222798,3801,0,,Stockton
42954,312762707270,223317,3716,1,,Stockton
42954,312762707270,223413,6014,0,,San Francisco
63,312762707270,225626,391,1,110,Carbondale
42954,312762707270,228161,4101,0,,San Jose
42954,312762707270,228162,4102,1,,Merced
42954,312762707270,228270,5717,0,,Bakersfield
42954,312762707270,184033,5885,0,,Fresno
42985,306462707270,185787,9484,0,,Baltimore
42985,306462707270,185795,9488,0,,Baltimore
42985,306462707270,185804,9493,1,,Washington
42985,306262707270,185852,9534,0,,Perryville
42948,306262707270,185910,9633,0,,Stamford
42985,306262707270,185917,9638,1,,Old Saybrook
42985,306462707270,185933,9677,1,,Washington
42985,306462707270,185935,9681,1,,Washington
42985,306462707270,185936,9683,1,,Washington
42948,306262707270,185952,9700,1,,Old Saybrook
42948,306262707270,185953,9704,1,,Old Saybrook
42948,306262707270,185954,9706,1,,Old Saybrook
42948,306262707270,185955,9755,0,,New Haven
42948,306262707270,185956,9757,0,,New Haven
42948,306262707270,185957,9759,0,,New Haven
42948,306562707270,185958,9790,1,,Old Saybrook
86,312762707270,239376,821,1,17,Fort Worth
42954,312762707270,241106,4104,1,,Merced
42954,312762707270,241110,4119,0,,San Jose
42954,112762847270,242223,3910,1,,Stockton
42954,112762847270,242245,3710,1,,Stockton
42954,112762847270,242252,3810,1,,Stockton
42954,212762706282,242221,3910,1,,Stockton
42954,100162836283,242222,3910,1,,Stockton
42954,212762706282,242243,3710,1,,Stockton
42954,100162836283,242244,3710,1,,Stockton
42954,212762706282,242250,3810,1,,Stockton
42954,100162836283,242251,3810,1,,Stockton
42951,312762707270,242714,305,1,256,St. Louis
42954,312762707270,243164,5702,1,,Los Angeles
42954,312762707270,243170,5802,1,,Los Angeles
42954,112762847270,243182,5810,1,,Los Angeles
42954,112762847270,243197,5710,1,,Los Angeles
42954,312762707270,243203,5712,1,,Los Angeles
42954,312762707270,243218,5912,1,,Santa Monica
42954,112762847270,243227,5910,1,,Santa Monica
42954,312762707270,243238,5812,1,,Los Angeles
42954,212762706282,243180,5810,1,,Los Angeles
42954,100162836283,243181,5810,1,,Los Angeles
42954,212762706282,243195,5710,1,,Los Angeles
42954,100162836283,243196,5710,1,,Los Angeles
42954,212762706282,243225,5910,1,,Santa Monica
42954,100162836283,243226,5910,1,,Santa Monica
42985,300262707270,243505,9453,1,,Washington
42985,300262707270,243599,9452,0,,Baltimore
42954,312762707270,249420,5917,0,,Bakersfield
42954,312762707270,250081,6021,1,,Houston
42954,312762707270,250090,6022,0,,Longview
42954,312762707270,244256,6121,1,,Shreveport
42954,312762707270,244265,6122,0,,Longview
42954,312762707270,244296,6421,0,,Longview
42954,312762707270,244305,6422,1,,Shreveport
63,312762707270,245627,390,0,109,Chicago
43,312762707270,247911,8721,0,,Fort Cavazos
42954,312762707270,237851,6048,1,,Toledo
42954,312762707270,237861,6049,0,,East Lansing
36948,312762707270,238271,316,1,257,St. Louis
43,312762707270,238576,8821,1,,Temple
43,312762707270,238581,8822,1,,Temple
43,312762707270,238587,8722,0,,Fort Cavazos
18650,312762707270,257368,5521,1,,Springfield
18650,312762707270,257377,5522,0,,Galesburg
42954,312762707270,260353,3816,1,,Stockton
42954,312762707270,260543,5011,0,,San Francisco
42954,112762847270,260555,6610,1,,Emeryville
42954,212762706282,260553,6610,1,,Emeryville
42954,100162836283,260554,6610,1,,Emeryville
23565,312762707270,263481,7103,0,,Los Alamos
23565,312762707270,263484,7203,1,,Lamy
42920,312762707270,263556,8903,1,,Oklahoma City
42920,312762707270,263559,8904,0,,Newton
41080,306262707270,263630,4085,1,,Richmond
42954,312762707270,263753,3768,1,,Stockton
41080,306262707270,263770,4141,1,,Richmond
41080,306562707270,263773,4195,1,,Richmond
41080,312762707270,263774,4174,0,,Washington
41080,306562707270,263775,4143,1,,Richmond
41080,312762707270,263776,4274,0,,Washington
41044,106270047270,282201,478,0,,Springfield
41042,206262706303,282060,475,1,318,New Haven
41042,106263066329,282061,475,1,318,New Haven
41042,106263316358,282063,475,1,318,New Haven
41042,106063626365,282065,475,1,318,New Haven
41042,106263066329,277200,490,0,319,Springfield
41042,106263316358,277202,490,0,319,Springfield
41042,106063626365,277204,490,0,319,Springfield
41042,206262706303,277118,470,0,,Hartford
41042,106263066329,277119,470,0,319,Springfield
41042,106263316358,277121,470,0,319,Springfield
41042,106063626365,277123,470,0,319,Springfield
41042,206262706303,277140,473,1,,New Haven
41042,106263066329,277141,473,1,318,New Haven
41042,106263316358,277143,473,1,318,New Haven
41042,106063626365,277145,473,1,318,New Haven
41042,206262706329,277153,474,0,319,Springfield
41042,106263316358,277155,474,0,319,Springfield
41042,106063626365,277157,474,0,319,Springfield
41042,106270047270,277205,490,0,319,Springfield
41042,106270047270,277124,470,0,319,Springfield
41042,106270047270,277146,473,1,318,New Haven
41042,106270047270,277158,474,0,319,Springfield
55,312762707270,272686,371,0,28,Chicago
42985,300262707270,272824,9589,1,,Washington
84,306562707270,273243,728,1,64,Sacramento
84,100663306331,273260,733,0,230,San Jose
84,100263597001,273261,733,0,230,San Jose
84,100663306331,273264,734,1,64,Sacramento
84,100263597001,273265,734,1,64,Sacramento
84,106270047270,273477,538,1,63,Auburn
84,106270047270,273495,539,0,230,San Jose
84,306562707270,273239,727,0,230,San Jose
84,100663306331,273283,741,0,230,San Jose
84,100263597001,273284,741,0,230,San Jose
84,100663306331,273310,747,0,230,San Jose
84,100263597001,273311,747,0,230,San Jose
84,106270047270,273363,523,0,230,San Jose
84,106270047270,273445,534,1,59,Sacramento
84,106270047270,273552,547,0,230,San Jose
84,100663306331,273229,720,1,59,Sacramento
84,100263597001,273230,720,1,59,Sacramento
84,100663306331,273233,723,0,230,San Jose
84,100263597001,273234,723,0,230,San Jose
84,206262706329,273400,528,1,64,Sacramento
84,106263346358,273402,528,1,64,Sacramento
84,106063626365,273404,528,1,64,Sacramento
84,206262706329,273408,529,0,357,San Jose
84,106263346358,273410,529,0,357,San Jose
84,106063626365,273412,529,0,357,San Jose
84,106270047270,273523,543,0,230,San Jose
84,100663306331,273241,727,0,230,San Jose
84,100263597001,273242,727,0,230,San Jose
84,306562707270,273281,741,0,230,San Jose
84,306562707270,273308,747,0,230,San Jose
84,106270047270,273405,528,1,64,Sacramento
84,106270047270,273413,529,0,357,San Jose
84,106270047270,273429,531,0,61,Oakland
84,206262706329,273472,538,1,63,Auburn
84,106263346358,273474,538,1,63,Auburn
84,106063626365,273476,538,1,63,Auburn
84,206262706329,273490,539,0,230,San Jose
84,106263346358,273492,539,0,230,San Jose
84,106063626365,273494,539,0,230,San Jose
84,206262706329,273518,543,0,230,San Jose
84,106263346358,273520,543,0,230,San Jose
84,106063626365,273522,543,0,230,San Jose
84,106270047270,273585,550,1,64,Sacramento
84,106270047270,273593,551,0,61,Oakland
84,306562707270,273227,720,1,59,Sacramento
84,306562707270,273231,723,0,230,San Jose
84,100663306331,273245,728,1,64,Sacramento
84,100263597001,273246,728,1,64,Sacramento
84,306562707270,273258,733,0,230,San Jose
84,306562707270,273262,734,1,64,Sacramento
84,306562707270,273296,744,1,63,Auburn
84,306562707270,273304,746,1,64,Sacramento
84,206262706329,273580,550,1,64,Sacramento
84,106263346358,273582,550,1,64,Sacramento
84,106063626365,273584,550,1,64,Sacramento
84,206262706329,273588,551,0,61,Oakland
84,106263346358,273590,551,0,61,Oakland
84,106063626365,273592,551,0,61,Oakland
84,100663306331,273298,744,1,63,Auburn
84,100263597001,273299,744,1,63,Auburn
84,100663306331,273306,746,1,64,Sacramento
84,100263597001,273307,746,1,64,Sacramento
84,206262706329,273358,523,0,230,San Jose
84,106263346358,273360,523,0,230,San Jose
84,106063626365,273362,523,0,230,San Jose
84,206262706329,273424,531,0,61,Oakland
84,106263346358,273426,531,0,61,Oakland
84,106063626365,273428,531,0,61,Oakland
84,206262706329,273440,534,1,59,Sacramento
84,106263346358,273442,534,1,59,Sacramento
84,106063626365,273444,534,1,59,Sacramento
84,206262706329,273547,547,0,230,San Jose
84,106263346358,273549,547,0,230,San Jose
84,106063626365,273551,547,0,230,San Jose
88,200162706283,305335,109,1,267,Washington
88,106462846284,305337,109,1,267,Washington
88,106562906298,305339,109,1,267,Washington
88,106563046319,305340,109,1,267,Washington
88,100563256330,305342,109,1,267,Washington
88,100163396346,305344,109,1,267,Washington
88,100263597001,305346,109,1,267,Washington
69,112762906298,305348,1089,1,,Washington
88,106563257270,305399,155,1,158,Norfolk
42947,112762906298,305484,1097,1,,Washington
88,100162766276,305490,161,1,260,Washington
88,106462776277,305491,161,1,260,Washington
88,106562836284,305492,161,1,267,Washington
88,106562906298,305493,161,1,267,Washington
88,106563046305,305494,161,1,267,Washington
88,106563116319,305495,161,1,260,Washington
88,100163256346,305496,161,1,260,Washington
88,106463266347,305497,161,1,260,Washington
88,100463306330,305498,161,1,260,Washington
88,100263597001,305501,161,1,260,Washington
88,100162766276,305505,163,1,260,Washington
88,100162836283,305506,163,1,260,Washington
88,106462846284,305507,163,1,260,Washington
88,100162906297,305508,163,1,260,Washington
88,106462916298,305509,163,1,260,Washington
88,100163046304,305510,163,1,260,Washington
88,106463056305,305511,163,1,260,Washington
88,100163116318,305512,163,1,260,Washington
88,106463126319,305513,163,1,260,Washington
88,100563256330,305514,163,1,260,Washington
88,100263597001,305517,163,1,260,Washington
88,106562766277,305520,87,1,342,Norfolk
88,106562836284,305521,87,1,158,Norfolk
88,106562906298,305522,87,1,267,Washington
88,106563046305,305523,87,1,158,Norfolk
88,106563116319,305524,87,1,342,Norfolk
88,106563256347,305525,87,1,342,Norfolk
88,100463306330,305526,87,1,342,Norfolk
88,100263597001,305528,87,1,342,Norfolk
90,106563537270,305538,57,1,190,Washington
88,100163537270,305563,159,1,267,Washington
60,112770737270,305607,517,1,372,Portland
40751,106270047270,305620,2118,0,328,New York
40751,106270047270,305630,2131,1,326,Washington
40751,106562836305,305143,2251,1,326,Washington
40751,106563116319,305144,2251,1,324,Washington
88,100163257270,305473,99,1,84,Newport News
88,106463267270,305474,99,1,84,Newport News
90,106562766277,305532,57,1,190,Washington
90,106562836284,305533,57,1,190,Washington
90,106562906298,305534,57,1,190,Washington
90,106563046319,305535,57,1,190,Washington
90,106563256347,305536,57,1,190,Washington
90,100463306330,305537,57,1,190,Washington
90,100263597001,305539,57,1,190,Washington
88,200162706276,305552,159,1,267,Washington
88,106562836284,305554,159,1,267,Washington
88,106562906298,305556,159,1,267,Washington
88,100163046318,305557,159,1,267,Washington
88,106463056319,305558,159,1,267,Washington
88,100563256330,305560,159,1,267,Washington
88,100163396346,305562,159,1,267,Washington
88,100263597001,305564,159,1,267,Washington
88,200162706276,305428,127,1,267,Washington
88,100162836283,305431,127,1,267,Washington
88,106462846298,305432,127,1,267,Washington
88,100162906297,305433,127,1,267,Washington
88,100163046318,305434,127,1,267,Washington
80,106563057270,305755,353,0,53,Chicago
80,106263067270,305756,353,0,53,Chicago
42946,212762706280,305793,58,0,74,Chicago
42946,112762817071,305794,58,0,74,Chicago
42946,100170727072,305795,58,0,74,Chicago
42946,212762706272,305800,59,1,73,New Orleans
42946,112762736279,305801,59,1,73,New Orleans
42946,112762807071,305802,59,1,73,New Orleans
42946,100170727072,305803,59,1,73,New Orleans
84,106270047270,305812,536,1,59,Sacramento
42951,312762707270,305815,300,0,254,Chicago
40751,106270047270,305825,2190,0,325,Boston
40751,106270047270,305835,2165,1,324,Washington
61,106563607270,306250,699,0,152,Brunswick
88,106463056319,305435,127,1,267,Washington
88,100563256330,305436,127,1,267,Washington
88,100163396346,305438,127,1,267,Washington
88,100263597001,305440,127,1,267,Washington
88,100162766276,305444,147,1,391,Roanoke
88,100162836283,305445,147,1,391,Roanoke
88,106462846284,305446,147,1,391,Roanoke
88,106562906298,305447,147,1,259,Washington
88,100163046318,305448,147,1,391,Roanoke
88,106463056319,305449,147,1,391,Roanoke
88,100563256330,305450,147,1,391,Roanoke
88,100163396346,305452,147,1,391,Roanoke
88,100263597001,305454,147,1,391,Roanoke
88,100163537270,305600,107,1,267,Washington
60,112770737270,305633,518,0,291,Vancouver
40751,106562836284,305351,2201,1,326,Washington
40751,106562906298,305353,2201,1,326,Washington
40751,106563046319,305354,2201,1,326,Washington
40751,106563257270,305361,2203,1,326,Washington
88,106563537270,305371,153,1,267,Washington
88,100163537270,305382,101,1,267,Washington
88,106563537270,305391,103,1,267,Washington
88,206562706277,305394,155,1,158,Norfolk
88,106562836284,305396,155,1,158,Norfolk
88,106562906298,305397,155,1,267,Washington
88,106563046319,305398,155,1,158,Norfolk
88,100463306330,305400,155,1,158,Norfolk
88,100263597001,305401,155,1,158,Norfolk
40751,106562836284,305403,2205,1,326,Washington
40751,106562906298,305404,2205,1,326,Washington
40751,106563046319,305405,2205,1,326,Washington
40751,106562836284,305424,2249,1,326,Washington
40751,106562906298,305425,2249,1,326,Washington
40751,106563046305,305426,2249,1,326,Washington
40751,106563116319,305427,2249,1,324,Washington
88,100163537270,305439,127,1,267,Washington
88,100163537270,305453,147,1,391,Roanoke
88,106562766277,305468,99,1,84,Newport News
88,106562836284,305469,99,1,380,Newport News
88,106562906298,305470,99,1,267,Washington
88,106563046305,305471,99,1,380,Newport News
88,106563116319,305472,99,1,84,Newport News
88,100463306330,305475,99,1,84,Newport News
88,100263597001,305476,99,1,84,Newport News
79,112762827270,305646,76,1,107,Raleigh
88,106262716282,307250,93,1,342,Norfolk
88,106263206329,307252,93,1,342,Norfolk
88,106263316352,307254,93,1,342,Norfolk
88,106063556365,307255,93,1,342,Norfolk
41042,206462706277,307259,497,1,318,New Haven
41042,106462846319,307260,497,1,318,New Haven
41042,100163326332,307262,497,1,318,New Haven
80,106563057270,305775,352,1,52,Pontiac
80,106263067270,305776,352,1,52,Pontiac
80,106563057270,305781,354,1,52,Pontiac
80,106263067270,305782,354,1,52,Pontiac
80,106563057270,305788,355,0,53,Chicago
80,106263067270,305789,355,0,53,Chicago
79,206762706277,305642,76,1,107,Raleigh
79,206062706281,305645,76,1,107,Raleigh
80,206562706304,305704,350,1,52,Pontiac
80,206262706300,305709,350,1,52,Pontiac
80,206562706304,305749,353,0,53,Chicago
80,206262706300,305753,353,0,53,Chicago
41080,101263016302,305758,3352,1,,Pontiac
41080,101463016303,305765,3353,0,,Chicago
41080,100263036303,305769,3354,1,,Pontiac
84,206262706329,305807,536,1,59,Sacramento
84,106263346358,305809,536,1,59,Sacramento
84,106063626365,305811,536,1,59,Sacramento
80,106563057270,305712,350,1,52,Pontiac
80,106263067270,305713,350,1,52,Pontiac
80,206262706300,305771,352,1,52,Pontiac
80,206562706304,305772,352,1,52,Pontiac
80,206262706300,305777,354,1,52,Pontiac
80,206562706304,305778,354,1,52,Pontiac
80,206562706304,305784,355,0,53,Chicago
80,206262706300,305786,355,0,53,Chicago
42946,112770737270,305796,58,0,74,Chicago
42946,112770737270,305804,59,1,73,New Orleans
61,106462776284,306238,699,0,152,Brunswick
61,100162976297,306242,699,0,152,Brunswick
61,106563046305,306244,699,0,152,Brunswick
61,106563126318,306246,699,0,152,Brunswick
61,106463196319,306247,699,0,152,Brunswick
61,106563256353,306248,699,0,152,Brunswick
40751,106063626365,305824,2190,0,325,Boston
42954,312762707270,305933,3524,1,,Reno
42954,106270047270,305942,3532,1,,Sparks
42954,312762707270,305946,3549,0,,Sacramento
42954,106270047270,305955,3539,0,,Sacramento
41042,106270047270,307218,417,1,318,New Haven
41044,106270047270,307226,471,1,,New Haven
41042,106463267270,307261,497,1,318,New Haven
81,112770737270,286833,48,1,127,New York
42996,312762707270,287515,23,0,387,New Orleans
18650,112762757270,287789,8358,0,,St. Louis
42996,312762707270,287819,26,1,386,Mobile Amtrak Sta
42996,312762707270,287823,25,0,387,New Orleans
84,106270047270,288005,542,1,64,Sacramento
42996,312762707270,287581,24,1,386,Mobile Amtrak Sta
84,206262706329,288000,542,1,64,Sacramento
84,106263346358,288002,542,1,64,Sacramento
84,106063626365,288004,542,1,64,Sacramento
36923,112762906298,278266,1020,0,,New York
42947,112762906298,278276,1098,0,,New York
94,106270047270,280359,601,0,25,Harrisburg
94,206262706329,280354,601,0,25,Harrisburg
94,106263316358,280356,601,0,25,Harrisburg
94,106063626365,280358,601,0,25,Harrisburg
40751,206262706282,305828,2165,1,324,Washington
40751,106263206329,305830,2165,1,324,Washington
40751,106263316352,305832,2165,1,324,Washington
40751,106063556365,305833,2165,1,324,Washington
79,112762827270,307200,78,1,107,Raleigh
41042,206262706282,307211,417,1,318,New Haven
41042,106262856303,307212,417,1,318,New Haven
41042,106263066329,307213,417,1,318,New Haven
41042,106263316358,307215,417,1,318,New Haven
41042,106063626365,307217,417,1,318,New Haven
41044,206262706282,307219,471,1,359,New Haven
41044,106262856303,307220,471,1,359,New Haven
41044,106263066329,307221,471,1,,New Haven
41044,106263316358,307223,471,1,,New Haven
41044,106063626365,307225,471,1,,New Haven
88,106062856288,307236,1147,1,391,Roanoke
88,100262896289,307237,1147,1,,New York
88,106262926299,307238,1147,1,259,Washington
88,103063006303,307239,1147,1,391,Roanoke
88,106263066317,307240,1147,1,391,Roanoke
88,106270047270,307257,93,1,342,Norfolk
40751,206262706282,305818,2190,0,325,Boston
40751,106263206329,305820,2190,0,325,Boston
40751,106263316358,305822,2190,0,325,Boston
42954,206262706329,305937,3532,1,,Sparks
42954,106263346358,305939,3532,1,,Sparks
42954,106063626365,305941,3532,1,,Sparks
42954,206262706329,305950,3539,0,,Sacramento
42954,106263346358,305952,3539,0,,Sacramento
42954,106063626365,305954,3539,0,,Sacramento
42954,312762707270,306830,3511,1,,Salinas
42954,312762707270,306835,3514,1,,Salinas
42954,312762707270,306840,3611,0,,Carmel
42954,312762707270,306845,3614,0,,Carmel
79,206762706277,307198,78,1,107,Raleigh
79,206062706281,307199,78,1,107,Raleigh
88,106262856303,307201,1143,1,259,Washington
88,106263066317,307202,1143,1,259,Washington
42896,107163097122,307344,5579,0,,Las Vegas
42896,109963107123,307345,5580,1,,Los Angeles
42896,107163097122,307346,5763,0,,Las Vegas
42896,109963107123,307347,5796,1,,Los Angeles
42896,212762706332,307382,5612,1,,Santa Barbara
42896,106463336333,307383,5612,1,,Santa Barbara
42896,112763347270,307384,5612,1,,Santa Barbara
85,206062706281,307398,79,1,178,Charlotte
85,206762706277,307399,79,1,178,Charlotte
85,112762826289,307400,79,1,178,Charlotte
85,112762906298,307401,79,1,,Charlotte
85,112762996352,307402,79,1,178,Charlotte
85,112763536365,307403,79,1,178,Charlotte
36930,107470737270,307422,2,1,271,New Orleans
87,107470737270,307427,422,1,195,Chicago
84,206262706289,307607,541,0,61,Oakland
84,103262926292,307608,541,0,230,San Jose
84,106262936329,307609,541,0,61,Oakland
84,106263346358,307611,541,0,61,Oakland
84,106063626365,307613,541,0,61,Oakland
36930,207462706303,307420,2,1,271,New Orleans
36930,107463057071,307421,2,1,271,New Orleans
61,105462956300,307082,1697,0,152,Brunswick
61,104263036308,307084,1697,0,152,Brunswick
61,105263166321,307087,1697,0,152,Brunswick
61,100863296336,307090,1697,0,152,Brunswick
61,106263486352,307093,1697,0,152,Brunswick
61,100863576364,307095,1697,0,152,Brunswick
61,101670057005,307098,1697,0,152,Brunswick
61,106070117014,307100,1697,0,152,Brunswick
61,101270207021,307102,1697,0,152,Brunswick
61,105870257029,307104,1697,0,152,Brunswick
61,102470407041,307107,1697,0,152,Brunswick
61,100270577057,307109,1697,0,152,Brunswick
61,103870677071,307111,1697,0,152,Brunswick
61,105270747077,307113,1697,0,152,Brunswick
61,102870827089,307116,1697,0,152,Brunswick
61,100270927092,307120,1697,0,152,Brunswick
80,106563057270,307332,351,0,53,Chicago
80,106263067270,307333,351,0,53,Chicago
80,206262706300,307325,351,0,53,Chicago
80,206562706304,307328,351,0,53,Chicago
61,106562907270,298698,690,1,153,Boston
42954,312762707270,299017,5716,1,,Los Angeles
88,106262856303,307243,1140,0,258,Springfield
88,106263066317,307244,1140,0,258,Springfield
88,106262856303,307245,1146,0,258,Springfield
88,106263066317,307246,1146,0,258,Springfield
42954,312762707270,307285,5714,1,,Los Angeles
41044,206262706329,299282,495,1,,New Haven
41044,106263316358,299284,495,1,,New Haven
41044,106063626365,299286,495,1,,New Haven
41044,106270047270,299287,495,1,,New Haven
42994,112770737270,299295,40,0,385,Chicago
42994,112770737270,299303,41,1,384,Miami
40751,106063556365,307552,2113,1,326,Washington
60,212762706272,307574,508,0,289,Seattle
60,212762706272,307576,516,0,375,Vancouver
60,112762736304,307577,516,0,375,Vancouver
60,112763057072,307578,516,0,375,Vancouver
60,212762706272,307580,519,1,297,Seattle
60,112762736304,307581,519,1,297,Seattle
60,112763057072,307582,519,1,297,Seattle
40751,206262706282,307594,2116,0,328,New York
40751,106262856317,307595,2116,0,328,New York
40751,106263206329,307596,2116,0,328,New York
40751,106263316358,307598,2116,0,328,New York
40751,106063626365,307600,2116,0,328,New York
84,206562707002,307621,748,1,64,Sacramento
84,100663306331,307622,748,1,64,Sacramento
84,100263597001,307623,748,1,64,Sacramento
84,106470037003,307624,748,1,64,Sacramento
84,106270047270,307633,540,1,59,Sacramento
60,112762737270,307575,508,0,289,Seattle
60,112770737270,307579,516,0,375,Vancouver
60,112770737270,307583,519,1,297,Seattle
84,206262706289,307626,540,1,59,Sacramento
84,106262936329,307628,540,1,59,Sacramento
84,106263346358,307630,540,1,59,Sacramento
87,207462706303,307425,422,1,195,Chicago
87,107463057071,307426,422,1,195,Chicago
84,106562907270,307604,743,0,61,Oakland
84,106570097270,307625,748,1,64,Sacramento
85,112770017270,307404,79,1,178,Charlotte
84,106063626365,307632,540,1,59,Sacramento
40751,106270047270,307601,2116,0,328,New York
84,106270047270,307614,541,0,61,Oakland
84,206262706329,307693,522,1,59,Sacramento
84,106263346358,307695,522,1,59,Sacramento
84,106063626365,307697,522,1,59,Sacramento
84,206262706329,307701,535,0,61,Oakland
84,106263346358,307703,535,0,61,Oakland
84,106063626365,307705,535,0,61,Oakland
84,106562836284,307641,750,1,,Sacramento
88,106270047270,307669,94,0,341,Boston
60,212762706272,307655,503,1,292,Eugene
60,101562736276,307656,503,1,292,Eugene
60,106462776277,307657,503,1,293,Portland
60,212762706276,307673,504,0,289,Seattle
60,106462776277,307674,504,0,290,Seattle
69,112762906298,307729,1090,0,,New York
88,105862856289,307730,1165,1,260,Washington
88,100462886288,307731,1165,1,355,Philadelphia
88,106262926317,307732,1165,1,260,Washington
60,112762787270,307658,503,1,292,Eugene
88,206262706282,307659,94,0,341,Boston
88,106562836284,307660,94,0,,Washington
88,106262856289,307661,94,0,,Washington
88,112762996319,307663,94,0,,Washington
88,106263206329,307664,94,0,341,Boston
88,106263316358,307666,94,0,341,Boston
88,106063626365,307668,94,0,341,Boston
40751,106270047270,307554,2113,1,326,Washington
84,206562706277,307602,743,0,61,Oakland
84,106562836284,307603,743,0,230,San Jose
84,100663306331,307605,743,0,61,Oakland
84,100263597001,307606,743,0,61,Oakland
40751,206262706282,307547,2113,1,326,Washington
40751,106263206329,307549,2113,1,326,Washington
40751,106263316352,307551,2113,1,326,Washington
60,112762787270,307675,504,0,289,Seattle
31849,212762706289,307676,7097,1,,Canadian Border
31849,106562906291,307677,7097,1,,Canadian Border
31849,212762706289,307679,7098,0,,Toronto
31849,106562906291,307680,7098,0,,Toronto
31849,112762927270,307678,7097,1,,Canadian Border
31849,112762927270,307681,7098,0,,Toronto
84,106270047270,307698,522,1,59,Sacramento
84,106270047270,307706,535,0,61,Oakland
61,106262927270,307735,682,1,153,Boston
61,106262927270,307738,684,1,153,Boston
61,106262927270,307741,686,1,153,Boston
61,106262927270,307744,688,1,153,Boston
61,106562977270,307748,692,1,153,Boston
61,106562977270,307752,694,1,153,Boston
61,106562977270,307756,696,1,153,Boston
61,106562977270,307760,698,1,153,Boston
78,212762706282,308081,765,0,148,San Luis Obispo
61,206262706289,307734,682,1,153,Boston
61,206262706289,307737,684,1,153,Boston
61,206262706289,307740,686,1,153,Boston
61,206262706289,307743,688,1,153,Boston
61,105263286334,307837,689,0,152,Brunswick
61,106263376343,307841,689,0,152,Brunswick
61,100263456345,307843,689,0,152,Brunswick
61,105463556359,307845,689,0,152,Brunswick
61,105463637004,307848,689,0,152,Brunswick
61,101470067008,307851,689,0,152,Brunswick
61,105070157022,307853,689,0,152,Brunswick
61,103670287032,307856,689,0,152,Brunswick
61,104670347039,307858,689,0,152,Brunswick
61,100470427042,307860,689,0,152,Brunswick
61,106270467055,307862,689,0,152,Brunswick
61,101470627064,307866,689,0,152,Brunswick
61,102470687069,307868,689,0,152,Brunswick
61,104270767081,307870,689,0,152,Brunswick
61,104670857091,307872,689,0,152,Brunswick
61,106270957099,307874,689,0,152,Brunswick
61,206562706291,307877,691,0,152,Brunswick
61,206562706284,307879,693,0,152,Brunswick
61,106562906291,307880,693,0,152,Brunswick
61,206562706284,307882,695,0,152,Brunswick
61,106562906291,307883,695,0,152,Brunswick
61,206562706291,307885,697,0,152,Brunswick
42954,212762706282,308016,4761,0,,Oakland
42954,106562836284,308017,4761,0,,Oakland
42954,212762706282,308020,4765,0,,Oakland
42954,106562836284,308021,4765,0,,Oakland
42954,212762706282,308024,4769,0,,Oakland
42954,106562836284,308025,4769,0,,Oakland
42954,212762706281,308028,4770,1,,Santa Barbara
42954,100362826283,308029,4770,1,,Santa Barbara
42954,212762706282,308036,4785,0,,Oakland
42954,106562836284,308037,4785,0,,Oakland
42954,212762706282,308039,4790,1,,Santa Barbara
42954,106562836284,308040,4790,1,,Santa Barbara
42954,112762856327,308041,4790,1,,Santa Barbara
42954,108863286333,308042,4790,1,,Santa Barbara
42954,100763306332,308043,4790,1,,Santa Barbara
42954,212762706282,308045,4794,1,,San Luis Obispo
42954,106562836284,308046,4794,1,,San Luis Obispo
42954,112762856327,308047,4794,1,,San Luis Obispo
42954,108863286333,308048,4794,1,,San Luis Obispo
42954,100763306332,308049,4794,1,,San Luis Obispo
42954,212762706282,308051,4985,0,,Fullerton
42954,106562836284,308052,4985,0,,Fullerton
42954,212762706282,308054,4970,1,,Palm Springs
42954,106562836284,308055,4970,1,,Palm Springs
42954,212762706282,308057,4982,1,,Indio
42954,106562836284,308058,4982,1,,Indio
42954,212762706282,308060,4969,0,,Fullerton
42954,106562836284,308061,4969,0,,Fullerton
78,212762706282,308110,786,1,146,San Diego
78,212762706281,308115,593,0,102,Los Angeles
78,112762857270,308083,765,0,148,San Luis Obispo
78,112762857270,308106,587,0,102,Los Angeles
78,112762857270,308112,786,1,146,San Diego
78,112762857270,308118,593,0,102,Los Angeles
61,100263176324,307834,689,0,152,Brunswick
36924,112770737270,307905,11,1,314,Los Angeles
36924,112770737270,307911,14,0,313,Seattle
78,112762857270,307914,562,1,101,San Diego
78,112762857270,307917,564,1,101,San Diego
78,112762857270,307920,567,0,102,Los Angeles
78,112762857270,307923,572,1,101,San Diego
78,112762857270,307926,573,0,102,Los Angeles
78,112762857270,307929,580,1,101,San Diego
78,112762857270,307932,581,0,102,Los Angeles
78,112762857270,307938,588,1,101,San Diego
78,112762857270,307941,591,0,102,Los Angeles
78,112762857270,307947,595,0,102,Los Angeles
78,112762857270,307951,761,0,149,Goleta
78,112762857270,307959,769,0,149,Goleta
78,112762857270,307963,770,1,151,San Diego
78,112762857270,307967,774,1,146,San Diego
78,112762857270,307971,777,0,148,San Luis Obispo
78,112762857270,307975,785,0,149,Goleta
78,112762857270,307980,790,1,151,San Diego
78,112762857270,307986,794,1,146,San Diego
78,112762857270,307993,566,1,101,San Diego
78,112762857270,307996,579,0,102,Los Angeles
40751,106270047270,308140,2151,1,324,Washington
88,106262856317,308210,1150,0,356,Boston
88,106262856317,308236,1088,0,264,Boston
88,100363527270,308268,65,1,84,Newport News
40751,100163537270,308289,2255,1,324,Washington
40751,106463547270,308290,2255,1,324,Washington
90,206262706282,308329,55,1,190,Washington
90,106262856303,308330,55,1,190,Washington
90,106063066309,308331,55,1,190,Washington
90,100263106310,308332,55,1,190,Washington
90,106263136317,308333,55,1,190,Washington
90,106263206329,308334,55,1,190,Washington
90,106263316352,308336,55,1,190,Washington
90,106063556365,308337,55,1,190,Washington
88,105662856287,308358,1124,0,393,Philadelphia
88,100462886288,308359,1124,0,,Washington
88,106262926296,308361,1124,0,,Philadelphia
88,106263006309,308363,1124,0,393,Philadelphia
88,100263106310,308364,1124,0,393,Philadelphia
88,106263136317,308365,1124,0,393,Philadelphia
88,106262856309,308366,1128,0,237,New York
88,100263106310,308367,1128,0,237,New York
88,106263136317,308368,1128,0,237,New York
88,106262856289,308369,1138,0,349,New York
88,106262926296,308370,1138,0,237,New York
88,106263006309,308372,1138,0,349,New York
88,100263106310,308373,1138,0,349,New York
88,106263136317,308374,1138,0,349,New York
40751,106562836284,308393,2248,0,328,New York
40751,106562906305,308394,2248,0,327,Boston
40751,106563116312,308395,2248,0,327,Boston
40751,106563186319,308396,2248,0,327,Boston
40751,100162766276,308399,2250,0,327,Boston
40751,106562836305,308400,2250,0,328,New York
40751,106563116312,308401,2250,0,327,Boston
40751,106563186319,308402,2250,0,327,Boston
40751,100563256330,308403,2250,0,327,Boston
40751,100263597001,308406,2250,0,327,Boston
90,106562766277,308422,54,0,191,St Albans
90,106562836305,308423,54,0,191,St Albans
90,106563116312,308424,54,0,191,St Albans
90,106563186319,308425,54,0,191,St Albans
90,100463306330,308427,54,0,191,St Albans
90,100263597001,308428,54,0,191,St Albans
42947,212662706288,308429,98,0,113,New York
42947,200162706283,308430,98,0,113,New York
42947,112662896298,308431,98,0,,Jacksonville
42947,100162906297,308432,98,0,,Jacksonville
42947,112662996309,308433,98,0,113,New York
42947,100163046304,308434,98,0,113,New York
42947,100263106310,308435,98,0,113,New York
42947,100163116311,308436,98,0,113,New York
42947,112663126330,308437,98,0,113,New York
42947,100163186318,308438,98,0,113,New York
42947,100163256360,308439,98,0,113,New York
42947,100263316331,308440,98,0,113,New York
42947,112663336365,308441,98,0,113,New York
42947,100170027065,308443,98,0,113,New York
42947,100170727072,308444,98,0,113,New York
88,106563257270,308454,164,0,90,Boston
88,100163397270,308465,82,0,264,Boston
88,106563257270,308472,118,0,237,New York
88,106563257270,308543,156,0,339,New York
36923,112470037270,308560,20,0,244,New York
36923,100370787270,308562,20,0,244,New York
40751,106463267270,308571,2218,0,328,New York
88,100163397270,308581,106,0,237,New York
40751,106563257270,308678,2260,0,327,Boston
40751,100163397270,308698,2262,0,327,Boston
41042,100162766325,308840,463,1,318,New Haven
41042,100463306330,308841,463,1,318,New Haven
41042,100263597001,308844,463,1,318,New Haven
41042,100162766325,308847,467,1,318,New Haven
41042,100463306330,308848,467,1,318,New Haven
41042,100263597001,308851,467,1,318,New Haven
40751,100162766276,308856,2271,1,324,Washington
40751,106462776277,308857,2271,1,324,Washington
40751,100163256346,308860,2271,1,324,Washington
40751,106463266347,308861,2271,1,324,Washington
40751,100463306330,308862,2271,1,324,Washington
40751,100263597001,308865,2271,1,324,Washington
40751,100162766276,308869,2293,1,,New York
40751,106462776277,308870,2293,1,,New York
40751,100563256330,308873,2293,1,,New York
40751,100163326332,308875,2293,1,,New York
40751,100263597001,308877,2293,1,,New York
40751,206262706282,308133,2151,1,324,Washington
40751,106262856317,308134,2151,1,324,Washington
40751,106263206329,308135,2151,1,324,Washington
40751,106263316352,308137,2151,1,324,Washington
40751,106063556365,308138,2151,1,324,Washington
88,106262856317,308143,1161,1,260,Washington
88,106563326333,308145,1161,1,267,Washington
88,106262856317,308146,1163,1,260,Washington
61,206562706284,307746,692,1,153,Boston
61,106562906291,307747,692,1,153,Boston
61,206562706284,307750,694,1,153,Boston
61,106562906291,307751,694,1,153,Boston
61,206562706284,307754,696,1,153,Boston
61,106562906291,307755,696,1,153,Boston
61,206562706284,307758,698,1,153,Boston
61,106562906291,307759,698,1,153,Boston
42954,112762857270,308018,4761,0,,Oakland
42954,112762857270,308022,4765,0,,Oakland
42954,112762857270,308026,4769,0,,Oakland
42954,112762847270,308030,4770,1,,Santa Barbara
42954,112762857270,308038,4785,0,,Oakland
42954,112763347270,308044,4790,1,,Santa Barbara
42954,112763347270,308050,4794,1,,San Luis Obispo
42954,112762857270,308053,4985,0,,Fullerton
42954,112762857270,308056,4970,1,,Palm Springs
42954,112762857270,308059,4982,1,,Indio
42954,112762857270,308062,4969,0,,Fullerton
61,106262927270,307803,681,0,152,Brunswick
61,106262927270,307805,683,0,152,Brunswick
61,106262927270,307807,685,0,152,Brunswick
61,106262927270,307809,687,0,152,Brunswick
61,106271037270,307876,689,0,152,Brunswick
61,106562977270,307878,691,0,152,Brunswick
61,106562977270,307881,693,0,152,Brunswick
61,106562977270,307884,695,0,152,Brunswick
61,106562977270,307886,697,0,152,Brunswick
36924,212762706281,307901,11,1,314,Los Angeles
36924,100362826283,307902,11,1,,Emeryville
36924,112762847071,307903,11,1,314,Los Angeles
36924,100170727072,307904,11,1,314,Los Angeles
36924,212762706282,307907,14,0,313,Seattle
36924,106562836284,307908,14,0,,Seattle
36924,112762857071,307909,14,0,313,Seattle
36924,100170727072,307910,14,0,313,Seattle
78,212762706282,307912,562,1,101,San Diego
78,212762706282,307915,564,1,101,San Diego
78,212762706282,307918,567,0,102,Los Angeles
78,212762706282,307921,572,1,101,San Diego
78,212762706282,307924,573,0,102,Los Angeles
78,212762706282,307927,580,1,101,San Diego
78,212762706282,307930,581,0,102,Los Angeles
78,212762706282,307936,588,1,101,San Diego
78,212762706282,307939,591,0,102,Los Angeles
78,212762706274,307942,595,0,102,Los Angeles
78,112462776281,307944,595,0,102,Los Angeles
78,212762706282,307949,761,0,149,Goleta
78,212762706282,307957,769,0,149,Goleta
78,212762706282,307961,770,1,151,San Diego
78,212762706282,307965,774,1,146,San Diego
78,212762706282,307969,777,0,148,San Luis Obispo
78,212762706282,307973,785,0,149,Goleta
78,212762706281,307977,790,1,151,San Diego
78,100262826282,307978,790,1,,Los Angeles
78,212762706274,307982,794,1,146,San Diego
78,100362756282,307983,794,1,147,Los Angeles
78,112462776281,307984,794,1,146,San Diego
78,212762706282,307991,566,1,101,San Diego
78,212762706282,307994,579,0,102,Los Angeles
78,212762706282,308002,782,1,151,San Diego
78,212762706282,308005,584,1,101,San Diego
78,212762706282,308009,757,0,150,San Luis Obispo
78,212762706282,308104,587,0,102,Los Angeles
61,208162706276,307764,1689,0,152,Brunswick
61,100462746274,307767,1689,0,152,Brunswick
61,102662756282,307768,1689,0,152,Brunswick
61,100162836283,307771,1689,0,152,Brunswick
61,108062866291,307773,1689,0,152,Brunswick
61,100562886290,307775,1689,0,152,Brunswick
61,106462986298,307778,1689,0,152,Brunswick
61,102863016307,307780,1689,0,152,Brunswick
61,101763116314,307783,1689,0,152,Brunswick
61,104463226327,307788,1689,0,152,Brunswick
61,101863316335,307791,1689,0,152,Brunswick
61,100463446344,307794,1689,0,152,Brunswick
61,106463546354,307796,1689,0,152,Brunswick
61,103263626362,307797,1689,0,152,Brunswick
61,101670337033,307798,1689,0,152,Brunswick
61,100270437043,307799,1689,0,152,Brunswick
61,105270567061,307800,1689,0,152,Brunswick
61,103271027102,307801,1689,0,152,Brunswick
61,206262706289,307802,681,0,152,Brunswick
61,206262706289,307804,683,0,152,Brunswick
61,206262706289,307806,685,0,152,Brunswick
61,206262706289,307808,687,0,152,Brunswick
61,103262716271,307812,689,0,152,Brunswick
61,104062736278,307814,689,0,152,Brunswick
61,104462816287,307819,689,0,152,Brunswick
61,100262896289,307823,689,0,152,Brunswick
61,105662926294,307824,689,0,152,Brunswick
61,104663096315,307831,689,0,152,Brunswick
78,112762857270,308004,782,1,151,San Diego
78,112762857270,308007,584,1,101,San Diego
78,112762857270,308011,757,0,150,San Luis Obispo
84,103262926292,308129,552,1,,Sacramento
88,106262856317,308147,1167,1,355,Philadelphia
88,100362756282,308260,65,1,84,Newport News
88,100162836283,308261,65,1,84,Newport News
88,100262896289,308262,65,1,355,Philadelphia
88,100362906297,308263,65,1,260,Washington
88,100363036304,308264,65,1,84,Newport News
88,100363106318,308265,65,1,84,Newport News
88,100363246346,308266,65,1,84,Newport News
88,100863296329,308267,65,1,84,Newport News
88,100463586365,308269,65,1,84,Newport News
40751,206262706282,308270,2155,1,324,Washington
40751,106262856317,308271,2155,1,326,Washington
40751,106263206329,308272,2155,1,324,Washington
40751,106263316352,308274,2155,1,324,Washington
40751,106063556365,308275,2155,1,324,Washington
88,106262856317,308278,1169,1,389,Philadelphia
88,106563187270,308389,162,0,264,Boston
88,106563257270,308513,140,0,258,Springfield
40751,106463267270,308532,2216,0,328,New York
88,100162766276,308632,194,0,264,Boston
88,106562836305,308633,194,0,264,Boston
88,106563116312,308634,194,0,264,Boston
88,106563186319,308635,194,0,264,Boston
88,100563256330,308636,194,0,264,Boston
88,100263597001,308639,194,0,264,Boston
88,100163397270,308651,168,0,264,Boston
88,106563537270,308709,165,1,260,Washington
88,100163397270,308719,167,1,355,Philadelphia
88,106563257270,308727,169,1,355,Philadelphia
41042,100163397270,308843,463,1,318,New Haven
41042,100163397270,308850,467,1,318,New Haven
40751,100163537270,308863,2271,1,324,Washington
40751,106463547270,308864,2271,1,324,Washington
40751,106463267270,308874,2293,1,,New York
40751,100163397270,308876,2293,1,,New York
40751,106562836305,308479,2252,0,328,New York
40751,106563116312,308480,2252,0,328,New York
40751,106563186319,308481,2252,0,328,New York
40751,100463306330,308484,2252,0,327,Boston
40751,100263597001,308485,2252,0,327,Boston
88,100162766276,308489,152,0,264,Boston
88,106562836305,308490,152,0,237,New York
88,106563116312,308491,152,0,237,New York
88,106563186319,308492,152,0,237,New York
88,100563256330,308493,152,0,264,Boston
88,100263597001,308496,152,0,264,Boston
88,200162706276,308583,126,0,237,New York
88,100162836304,308585,126,0,237,New York
88,106462846305,308586,126,0,237,New York
88,106563116312,308588,126,0,237,New York
88,106563186319,308589,126,0,237,New York
88,100563256330,308590,126,0,237,New York
88,100263597001,308593,126,0,237,New York
40751,106562836305,308607,2220,0,328,New York
40751,106563116312,308608,2220,0,328,New York
40751,106563186319,308609,2220,0,328,New York
40751,206562706277,308675,2260,0,327,Boston
40751,100463306330,308679,2260,0,327,Boston
40751,100263597001,308680,2260,0,327,Boston
40751,100162766276,308693,2262,0,327,Boston
40751,100563256330,308696,2262,0,327,Boston
40751,100263597001,308699,2262,0,327,Boston
75,112770977270,299492,28,1,243,Chicago
75,112770977270,299504,8,1,186,Chicago
40751,206462706277,299869,2228,0,328,New York
40751,100163326332,299872,2228,0,328,New York
75,212762706279,299487,28,1,243,Chicago
75,112762807070,299488,28,1,243,Chicago
75,100270717071,299489,28,1,243,Chicago
75,112770737096,299491,28,1,243,Chicago
75,212762706279,299499,8,1,186,Chicago
75,112762807070,299500,8,1,186,Chicago
75,100270717071,299501,8,1,186,Chicago
75,112770737096,299503,8,1,186,Chicago
75,112770977270,299510,27,0,241,Portland
75,112770977270,299516,7,0,184,Seattle
42948,206262706275,299532,1602,1,,New London
42948,206262706275,299536,1632,1,,New London
42948,206262706275,299542,1681,0,,New Haven
42948,206262706275,299546,1691,0,,New Haven
42948,206262706275,299550,1640,1,,New London
90,206262706282,299737,56,0,191,St Albans
90,106262856317,299738,56,0,191,St Albans
90,106263206329,299739,56,0,191,St Albans
90,106263316352,299741,56,0,191,St Albans
90,106063556365,299742,56,0,191,St Albans
40751,200162706325,299857,2226,0,328,New York
40751,106462776277,299860,2226,0,328,New York
40751,100563306332,299864,2226,0,328,New York
40751,100263597001,299866,2226,0,328,New York
40751,106263316358,308324,2152,0,327,Boston
40751,106063626365,308326,2152,0,327,Boston
88,106262856317,308328,1152,0,237,New York
88,106562766277,308448,164,0,90,Boston
88,106562836284,308449,164,0,381,New York
88,106562906298,308450,164,0,237,New York
88,106563046305,308451,164,0,381,New York
88,106563116312,308452,164,0,90,Boston
88,106563186319,308453,164,0,90,Boston
88,100463306330,308455,164,0,90,Boston
88,100263597001,308456,164,0,90,Boston
88,100162766276,308459,82,0,264,Boston
88,106562836305,308460,82,0,237,New York
88,106563116312,308461,82,0,264,Boston
88,106563186319,308462,82,0,264,Boston
88,100563256330,308463,82,0,264,Boston
88,100263597001,308466,82,0,264,Boston
88,206562706277,308467,118,0,237,New York
88,106562836305,308469,118,0,237,New York
88,106563116312,308470,118,0,237,New York
88,106563186319,308471,118,0,237,New York
88,100463306330,308473,118,0,237,New York
88,100263597001,308474,118,0,237,New York
40751,106562766277,308478,2252,0,327,Boston
40751,106562766277,308282,2255,1,324,Washington
40751,106562836284,308283,2255,1,326,Washington
40751,106562906298,308284,2255,1,326,Washington
40751,106563046319,308285,2255,1,326,Washington
40751,100163256346,308286,2255,1,324,Washington
40751,106463266347,308287,2255,1,324,Washington
40751,100463306330,308288,2255,1,324,Washington
40751,100263597001,308291,2255,1,324,Washington
88,100162766276,308644,168,0,264,Boston
88,100162836283,308645,168,0,264,Boston
88,106562846305,308646,168,0,264,Boston
88,106563116312,308647,168,0,264,Boston
88,106563186319,308648,168,0,264,Boston
88,100563256330,308649,168,0,264,Boston
88,100263597001,308652,168,0,264,Boston
88,206562706277,308702,165,1,260,Washington
88,106562836284,308704,165,1,260,Washington
88,106562906298,308705,165,1,260,Washington
88,106563046319,308706,165,1,260,Washington
88,106563256347,308707,165,1,260,Washington
88,100463306330,308708,165,1,260,Washington
88,100263597001,308710,165,1,260,Washington
88,100162766276,308715,167,1,355,Philadelphia
88,106562836319,308716,167,1,355,Philadelphia
88,100563256330,308717,167,1,355,Philadelphia
88,100263597001,308720,167,1,355,Philadelphia
88,206562706277,308723,169,1,355,Philadelphia
88,106562836305,308725,169,1,355,Philadelphia
88,106563116319,308726,169,1,389,Philadelphia
88,100463306330,308728,169,1,355,Philadelphia
88,100263597001,308729,169,1,355,Philadelphia
40751,100163397270,308405,2250,0,327,Boston
90,106563257270,308426,54,0,191,St Albans
42947,112670017270,308442,98,0,113,New York
42947,100170797270,308445,98,0,113,New York
40751,100163257270,308482,2252,0,327,Boston
40751,106463267270,308483,2252,0,327,Boston
88,100163397270,308495,152,0,264,Boston
88,106562766277,308509,140,0,258,Springfield
88,106562836305,308510,140,0,258,Springfield
88,106563116312,308511,140,0,258,Springfield
88,106563186319,308512,140,0,258,Springfield
88,100463306330,308514,140,0,258,Springfield
88,100263597001,308515,140,0,258,Springfield
40751,206462706277,308527,2216,0,328,New York
40751,106562836305,308529,2216,0,328,New York
40751,106563116312,308530,2216,0,328,New York
40751,106563186319,308531,2216,0,328,New York
40751,100163326332,308533,2216,0,328,New York
88,100163397270,308592,126,0,237,New York
40751,106270047270,308233,2150,0,327,Boston
88,106262856317,308246,1194,0,264,Boston
88,102463286329,308247,1194,0,237,New York
40751,106270047270,308277,2155,1,324,Washington
40751,106262716282,308320,2152,0,327,Boston
40751,106262856317,308321,2152,0,328,New York
40751,106263206329,308322,2152,0,327,Boston
85,112762906298,299364,1080,0,,New York
88,112762906298,299365,1071,1,,Roanoke
85,112762906298,299366,1180,0,,Alexandria
88,112762906298,299367,1095,1,,Norfolk
42994,212762706288,299290,40,0,385,Chicago
42994,112762896297,299291,40,0,,Chicago
42994,112762987070,299292,40,0,385,Chicago
42994,100270717071,299293,40,0,385,Chicago
42994,212762706288,299298,41,1,384,Miami
42994,112762896297,299299,41,1,,Pittsburgh
42994,112762987070,299300,41,1,384,Miami
42994,100270717071,299301,41,1,384,Miami
88,112762906298,299368,1078,0,,Alexandria
88,112762906298,299369,1094,0,,Alexandria
85,112762906298,299320,1179,1,,Raleigh
75,212762706279,299505,27,0,241,Portland
75,112762807070,299506,27,0,241,Portland
75,100270717071,299507,27,0,241,Portland
75,112770737096,299509,27,0,241,Portland
75,212762706279,299511,7,0,184,Seattle
75,112762807070,299512,7,0,184,Seattle
75,100270717071,299513,7,0,184,Seattle
75,112770737096,299515,7,0,184,Seattle
88,106062856288,299603,1099,1,84,Newport News
88,106262896296,299604,1099,1,260,Washington
88,106262996317,299605,1099,1,84,Newport News
88,106062856288,299606,1087,1,342,Norfolk
88,100262896289,299607,1087,1,282,New York
88,106262926299,299608,1087,1,260,Washington
88,106263006317,299609,1087,1,342,Norfolk
40751,106563257270,299841,2256,0,327,Boston
40751,106563257270,299853,2263,1,324,Washington
88,106062856288,299562,1155,1,158,Norfolk
88,106262926299,299564,1155,1,267,Washington
88,106263006317,299565,1155,1,158,Norfolk
88,106270047270,299998,86,0,90,Boston
79,206062706281,300070,77,0,108,Charlotte
79,206762706277,300071,77,0,108,Charlotte
42948,106262787270,299952,1646,1,,New London
42948,106262787270,299953,1693,0,,New Haven
90,106270047270,299744,56,0,191,St Albans
88,106262856289,299642,1151,1,392,Roanoke
88,106262926299,299643,1151,1,390,Washington
88,106263006317,299644,1151,1,392,Roanoke
42948,106262787270,299954,1683,0,,New Haven
42948,106262787270,299955,1624,1,,New London
42948,106262787270,299956,1628,1,,New London
40751,206262706282,299970,2120,0,328,New York
40751,106262856317,299971,2120,0,328,New York
40751,106263206329,299972,2120,0,328,New York
40751,106263316358,299974,2120,0,328,New York
40751,106063626365,299976,2120,0,328,New York
79,112762827270,300072,77,0,108,Charlotte
42958,112762997270,300097,6089,1,,Swansboro
42958,112762997270,300100,6189,1,,Jacksonville
42954,107463017270,300103,4050,1,,Richmond
42954,107463017270,300106,4051,0,,Charlottesville
79,112762827270,300017,71,0,108,Charlotte
79,112762827270,300026,72,1,107,Raleigh
79,112762827270,300045,74,1,107,Raleigh
79,112762827270,300054,75,0,108,Charlotte
42958,212762706288,300107,6090,0,,Wilson
42958,212762706288,300110,6190,0,,Wilson
40751,106270047270,299977,2120,0,328,New York
88,206262706282,299990,86,0,381,New York
88,106263206329,299993,86,0,90,Boston
88,106263316358,299995,86,0,90,Boston
88,106063626365,299997,86,0,90,Boston
42958,112763007270,300109,6090,0,,Wilson
42958,112763007270,300112,6190,0,,Wilson
94,106463337270,300427,612,1,22,Philadelphia
94,106563327270,300434,672,1,21,New York
94,100163327270,300444,674,1,21,New York
94,106463337270,300445,674,1,21,New York
94,206462706277,300424,612,1,22,Philadelphia
94,106463266326,300426,612,1,22,Philadelphia
94,206562706277,300430,672,1,21,New York
94,106563256326,300432,672,1,21,New York
94,100463306330,300433,672,1,21,New York
94,100263597001,300435,672,1,21,New York
94,206462706277,300438,674,1,21,New York
94,200162706276,300440,674,1,21,New York
94,106563256326,300442,674,1,21,New York
94,100463306330,300443,674,1,21,New York
94,100263597001,300446,674,1,21,New York
40751,106463267270,299863,2226,0,328,New York
40751,100163397270,299865,2226,0,328,New York
40751,106463267270,299871,2228,0,328,New York
42948,106262787270,299533,1602,1,,New London
42948,106262787270,299543,1681,0,,New Haven
42948,106262787270,299547,1691,0,,New Haven
42948,106262787270,299551,1640,1,,New London
40751,106562766277,299839,2256,0,327,Boston
40751,100463306330,299842,2256,0,327,Boston
40751,100263597001,299843,2256,0,327,Boston
40751,106562766277,299851,2263,1,324,Washington
40751,100463306330,299854,2263,1,324,Washington
40751,100263597001,299855,2263,1,324,Washington
79,206062706281,300015,71,0,108,Charlotte
79,206762706277,300016,71,0,108,Charlotte
79,206062706281,300024,72,1,374,Greensboro
79,206762706277,300025,72,1,107,Raleigh
79,206762706277,300044,74,1,107,Raleigh
79,206062706281,300052,75,0,373,Charlotte
79,206762706277,300053,75,0,108,Charlotte
42958,212762706287,300095,6089,1,,Swansboro
42958,212762706287,300098,6189,1,,Jacksonville
42954,207462706289,300101,4050,1,,Richmond
42954,207462706289,300104,4051,0,,Charlottesville
86,312762707270,264558,822,0,18,Oklahoma City
42933,112763207270,266456,6005,1,,Fraser
42933,112763207270,266463,6006,1,,Fraser
42933,112763207270,266470,6205,1,,Winter Park
42933,112763207270,266477,6206,1,,Winter Park
42985,306262707270,266691,9654,0,,Perryville
42954,312762707270,279298,5005,0,,San Francisco
88,106463547270,297248,149,1,260,Washington
40751,106563537270,297320,2259,1,324,Washington
40751,100163537270,297338,2265,1,324,Washington
40751,106463547270,297339,2265,1,324,Washington
40751,106562766277,297393,2267,1,324,Washington
40751,106563256347,297396,2267,1,324,Washington
40751,100463306330,297397,2267,1,324,Washington
40751,100263597001,297399,2267,1,324,Washington
84,206262706329,297414,521,0,230,San Jose
84,106263346358,297416,521,0,230,San Jose
84,106063626365,297418,521,0,230,San Jose
40751,106562766277,297825,2258,0,327,Boston
40751,100463306330,297829,2258,0,327,Boston
40751,100263597001,297830,2258,0,327,Boston
84,106270047270,297419,521,0,230,San Jose
40751,206262706282,297954,2102,0,328,New York
40751,106263206329,297957,2102,0,328,New York
40751,106263316358,297959,2102,0,328,New York
40751,106063626365,297961,2102,0,328,New York
40751,106270047270,297974,2103,1,326,Washington
40751,106270047270,297987,2105,1,326,Washington
40751,206262706282,298063,2123,1,326,Washington
40751,106262856317,298064,2123,1,326,Washington
40751,106263206329,298065,2123,1,326,Washington
40751,106263316352,298067,2123,1,326,Washington
40751,106063556365,298068,2123,1,326,Washington
88,106262856317,298071,1135,1,260,Washington
88,106262856317,298074,1129,1,267,Washington
40751,106270047270,298070,2123,1,326,Washington
94,206262706282,298522,655,0,23,Harrisburg
94,106562836319,298523,655,0,23,Harrisburg
94,106262856317,298524,655,0,23,Harrisburg
94,106263206329,298525,655,0,23,Harrisburg
94,106263316358,298527,655,0,23,Harrisburg
94,106063626365,298529,655,0,23,Harrisburg
94,106270047270,298375,639,0,24,Philadelphia
94,106270047270,298411,654,1,21,New York
94,106270047270,298435,656,1,21,New York
94,206262706282,298487,651,0,23,Harrisburg
94,106262856317,298488,651,0,23,Harrisburg
94,106263206329,298489,651,0,23,Harrisburg
94,106263316358,298491,651,0,23,Harrisburg
94,106063626365,298493,651,0,23,Harrisburg
94,206262706282,298499,653,0,23,Harrisburg
94,106262856317,298500,653,0,25,Harrisburg
94,106263206329,298501,653,0,23,Harrisburg
94,106263316358,298503,653,0,23,Harrisburg
94,106063626365,298505,653,0,23,Harrisburg
94,106270047270,298482,657,0,23,Harrisburg
94,106270047270,298494,651,0,23,Harrisburg
94,106270047270,298506,653,0,23,Harrisburg
94,106270047270,298530,655,0,23,Harrisburg
40751,206262706282,297967,2103,1,326,Washington
40751,106262856317,297968,2103,1,326,Washington
40751,106263206329,297969,2103,1,326,Washington
40751,106263316352,297971,2103,1,326,Washington
40751,106063556365,297972,2103,1,326,Washington
88,106262856317,297975,1109,1,267,Washington
88,106262856317,297977,1111,1,267,Washington
40751,206262706282,297980,2105,1,326,Washington
40751,106262856317,297981,2105,1,326,Washington
40751,106263206329,297982,2105,1,326,Washington
40751,106263316358,297984,2105,1,326,Washington
40751,106063626365,297986,2105,1,326,Washington
88,106262856317,297988,1153,1,267,Washington
40751,106262856317,297989,2101,1,326,Washington
88,106262856317,297995,1103,1,267,Washington
40751,106262856317,297998,2149,1,324,Washington
88,106262856317,298126,1107,1,267,Washington
94,206262706282,298367,639,0,24,Philadelphia
94,106263206329,298370,639,0,24,Philadelphia
94,106263316357,298372,639,0,24,Philadelphia
94,105663626364,298374,639,0,24,Philadelphia
94,206262706282,298404,654,1,21,New York
94,106262856317,298405,654,1,22,Philadelphia
94,106263206329,298406,654,1,21,New York
94,106263316358,298408,654,1,21,New York
94,106063626365,298410,654,1,21,New York
94,206262706329,298429,656,1,21,New York
94,106562836319,298430,656,1,21,New York
94,106263316358,298432,656,1,21,New York
94,106063626365,298434,656,1,21,New York
94,206262706282,298475,657,0,23,Harrisburg
94,106262856317,298476,657,0,25,Harrisburg
94,106263206329,298477,657,0,23,Harrisburg
94,106263316358,298479,657,0,23,Harrisburg
94,106063626365,298481,657,0,23,Harrisburg
40751,106270047270,297962,2102,0,328,New York
40751,106262856317,298021,2133,1,326,Washington
88,106262856317,298022,1127,1,267,Washington
61,206562706284,298697,690,1,153,Boston
42954,212762706304,298992,5818,1,,San Diego
42954,112763057270,298993,5818,1,,San Diego
87,212762707071,281383,22,1,274,Chicago
87,100170727072,281384,22,1,274,Chicago
87,212762707071,281386,21,0,272,San Antonio
87,100170727072,281387,21,0,272,San Antonio
42994,112762916298,281300,1041,1,,Miami
42994,100170727072,281302,1041,1,384,Miami
41042,106270047270,282066,475,1,318,New Haven
42994,112762906297,281285,1040,0,,Jacksonville
42994,100170727072,281287,1040,0,385,Chicago
87,112770737270,281385,22,1,274,Chicago
87,112770737270,281388,21,0,272,San Antonio
41044,206262706303,282195,478,0,,Springfield
41044,106263066329,282196,478,0,,Springfield
41044,106263316358,282198,478,0,,Springfield
41044,106063626365,282200,478,0,,Springfield
41044,106270047270,291326,479,1,315,New Haven
41044,106270047270,291342,486,0,316,Greenfield
41044,106270047270,291378,494,0,316,Greenfield
84,206262706329,291498,549,0,61,Oakland
84,106263346358,291500,549,0,61,Oakland
84,106063626365,291502,549,0,61,Oakland
41044,206262706303,291320,479,1,315,New Haven
41044,106263066329,291321,479,1,315,New Haven
41044,106263316358,291323,479,1,315,New Haven
41044,106063626365,291325,479,1,315,New Haven
41044,206262706303,291336,486,0,316,Greenfield
41044,106263066329,291337,486,0,316,Greenfield
41044,106263316358,291339,486,0,316,Greenfield
41044,106063626365,291341,486,0,316,Greenfield
84,106270047270,291503,549,0,61,Oakland
84,206262706329,291623,520,1,59,Sacramento
84,106263346358,291625,520,1,59,Sacramento
84,106063626365,291627,520,1,59,Sacramento
51,212762706280,291753,4,1,118,Chicago
51,112762816303,291754,4,1,118,Chicago
51,112763047070,291755,4,1,118,Chicago
51,100270717071,291756,4,1,118,Chicago
84,106270047270,291816,545,0,61,Oakland
84,306562707270,292052,745,0,230,San Jose
88,200162706325,291964,144,0,388,New York
88,106462846319,291968,144,0,388,New York
88,100463306330,291969,144,0,388,New York
88,100263597001,291972,144,0,388,New York
96,100170727072,292347,1006,1,174,Chicago
51,112770737270,291758,4,1,118,Chicago
51,112770737270,291774,3,0,270,Los Angeles
55,312762707270,292181,370,1,27,Grand Rapids
84,206262706329,292190,548,1,59,Sacramento
84,106263346358,292192,548,1,59,Sacramento
84,106063626365,292194,548,1,59,Sacramento
51,212762706280,291769,3,0,270,Los Angeles
51,112762816303,291770,3,0,270,Los Angeles
51,112763047070,291771,3,0,270,Los Angeles
51,100270717071,291772,3,0,270,Los Angeles
84,206262706329,291811,545,0,61,Oakland
84,106263346358,291813,545,0,61,Oakland
84,106063626365,291815,545,0,61,Oakland
88,100163397270,291971,144,0,388,New York
84,106270047270,292195,548,1,59,Sacramento
84,106270047270,292533,532,1,59,Sacramento
42954,312762707270,292466,6291,1,,Lakeland
42954,312762707270,292469,6292,0,,Jacksonville
42954,312762707270,292253,6615,0,,San Francisco
42954,312762707270,292489,6098,0,,Orlando
84,100663306331,292054,745,0,230,San Jose
84,100263597001,292055,745,0,230,San Jose
96,100170727072,292314,1005,0,173,Emeryville
84,206262706329,292528,532,1,59,Sacramento
84,106263346358,292530,532,1,59,Sacramento
84,106063626365,292532,532,1,59,Sacramento
88,106270047270,293353,181,1,267,Washington
88,106270047270,293364,183,1,267,Washington
88,106270047270,293387,193,1,267,Washington
88,106270047270,293398,197,1,267,Washington
88,206262706282,293525,171,1,344,Roanoke
88,106263206329,293527,171,1,344,Roanoke
88,106263316352,293529,171,1,344,Roanoke
88,106063556365,293530,171,1,344,Roanoke
88,206262706282,293547,175,1,260,Washington
88,106263206329,293549,175,1,260,Washington
88,106263316352,293551,175,1,260,Washington
88,106063556365,293552,175,1,260,Washington
94,106270047270,293706,641,0,23,Harrisburg
94,106270047270,293776,609,0,23,Harrisburg
94,106270047270,293787,643,0,23,Harrisburg
94,106270047270,293798,645,0,23,Harrisburg
94,106270047270,293809,647,0,23,Harrisburg
94,206262706282,293911,648,1,21,New York
94,106262856289,293912,648,1,21,New York
94,106262926329,293913,648,1,21,New York
94,106263316358,293915,648,1,21,New York
94,106063626365,293917,648,1,21,New York
40751,106270047270,294223,2104,0,328,New York
88,106270047270,294240,198,1,237,New York
88,206262706282,294561,148,0,258,Springfield
88,106263206329,294565,148,0,258,Springfield
88,106263316358,294567,148,0,258,Springfield
88,106063626365,294569,148,0,258,Springfield
88,106563326333,283790,102,0,237,New York
88,102463286329,283792,1172,0,237,New York
88,102463286329,283797,1175,1,267,Washington
36926,312762707270,283741,318,0,377,Chicago
75,100170727072,284144,1007,0,184,Seattle
75,100170727072,284149,1008,1,186,Chicago
88,106270047270,293453,177,1,355,Philadelphia
88,106270047270,293463,179,1,355,Philadelphia
40751,206262706282,294011,2158,0,327,Boston
40751,106263206329,294014,2158,0,327,Boston
40751,106263316358,294016,2158,0,327,Boston
40751,106063626365,294018,2158,0,327,Boston
40751,206262706282,294022,2160,0,327,Boston
40751,106263206329,294025,2160,0,327,Boston
40751,106263316358,294027,2160,0,327,Boston
40751,106063626365,294029,2160,0,327,Boston
40751,206262706282,294140,2112,0,328,New York
40751,106263316358,294144,2112,0,328,New York
40751,106063626365,294146,2112,0,328,New York
88,106270047270,294348,186,0,393,Philadelphia
88,106270047270,294359,190,0,356,Boston
88,106270047270,294370,192,0,237,New York
88,106270047270,294381,196,0,237,New York
94,206262706282,293699,641,0,23,Harrisburg
94,106262856317,293700,641,0,23,Harrisburg
94,106263206329,293701,641,0,23,Harrisburg
94,106263316358,293703,641,0,23,Harrisburg
94,106063626365,293705,641,0,23,Harrisburg
88,106270047270,293532,171,1,344,Roanoke
88,106270047270,293554,175,1,260,Washington
88,206262706282,293558,111,1,267,Washington
88,106263206329,293560,111,1,267,Washington
88,106263316352,293562,111,1,267,Washington
88,106063556365,293563,111,1,267,Washington
88,206262706282,293582,129,1,267,Washington
88,106263206329,293584,129,1,267,Washington
88,106263316352,293586,129,1,267,Washington
88,106063556365,293587,129,1,267,Washington
88,206262706282,293594,131,1,267,Washington
88,106263206329,293596,131,1,267,Washington
88,106263316352,293598,131,1,267,Washington
88,106063556365,293599,131,1,267,Washington
88,206262706282,293616,113,1,267,Washington
88,106263206329,293618,113,1,267,Washington
88,106263316352,293620,113,1,267,Washington
88,106063556365,293621,113,1,267,Washington
88,206262706282,293627,119,1,267,Washington
88,106263206329,293629,119,1,267,Washington
88,106263316352,293631,119,1,267,Washington
88,106063556365,293632,119,1,267,Washington
94,206262706282,293657,649,0,23,Harrisburg
94,106562836319,293658,649,0,23,Harrisburg
94,106262856317,293659,649,0,23,Harrisburg
94,106263206329,293660,649,0,23,Harrisburg
94,106263316358,293662,649,0,23,Harrisburg
94,106063626365,293664,649,0,23,Harrisburg
94,206262706282,293769,609,0,23,Harrisburg
94,106262856317,293770,609,0,25,Harrisburg
94,106263206329,293771,609,0,23,Harrisburg
94,106263316358,293773,609,0,23,Harrisburg
94,106063626365,293775,609,0,23,Harrisburg
94,206262706282,293779,643,0,23,Harrisburg
94,106562836319,293780,643,0,25,Harrisburg
94,106262856317,293781,643,0,25,Harrisburg
94,106263206329,293782,643,0,23,Harrisburg
94,106263316358,293784,643,0,23,Harrisburg
94,106063626365,293786,643,0,23,Harrisburg
94,206262706282,293790,645,0,23,Harrisburg
94,106562836319,293791,645,0,25,Harrisburg
94,106262856317,293792,645,0,25,Harrisburg
94,106263206329,293793,645,0,23,Harrisburg
94,106263316358,293795,645,0,23,Harrisburg
94,106063626365,293797,645,0,23,Harrisburg
94,206262706282,293801,647,0,23,Harrisburg
94,106562836319,293802,647,0,25,Harrisburg
94,106262856317,293803,647,0,25,Harrisburg
94,106263206329,293804,647,0,23,Harrisburg
94,106263316358,293806,647,0,23,Harrisburg
94,106063626365,293808,647,0,23,Harrisburg
40751,106262856317,293857,2106,0,328,New York
40751,106262856317,293859,2122,0,328,New York
88,206262706282,293446,177,1,355,Philadelphia
88,106263206329,293448,177,1,355,Philadelphia
88,106263316358,293450,177,1,355,Philadelphia
88,106063626365,293452,177,1,355,Philadelphia
88,206262706282,293456,179,1,355,Philadelphia
88,106263206329,293458,179,1,355,Philadelphia
88,106263316358,293460,179,1,355,Philadelphia
88,106063626365,293462,179,1,355,Philadelphia
88,106270047270,293565,111,1,267,Washington
88,106270047270,293589,129,1,267,Washington
88,106270047270,293601,131,1,267,Washington
88,106270047270,293623,113,1,267,Washington
88,106270047270,293634,119,1,267,Washington
88,106270047270,294570,148,0,258,Springfield
58,107463547270,294586,51,0,188,Chicago
94,106563257270,295142,667,0,23,Harrisburg
40751,206262706282,293083,2159,1,324,Washington
40751,106263206329,293085,2159,1,324,Washington
40751,106263316352,293087,2159,1,324,Washington
40751,106063556365,293088,2159,1,324,Washington
40751,206262706282,293093,2163,1,324,Washington
40751,106263206329,293095,2163,1,324,Washington
40751,106263316358,293097,2163,1,324,Washington
40751,106063626365,293099,2163,1,324,Washington
40751,206262706282,293115,2167,1,324,Washington
40751,106263206329,293117,2167,1,324,Washington
40751,106263316352,293119,2167,1,324,Washington
40751,106063556365,293120,2167,1,324,Washington
40751,206262706282,293126,2171,1,324,Washington
40751,106263206329,293128,2171,1,324,Washington
40751,106263316352,293130,2171,1,324,Washington
40751,106063556365,293131,2171,1,324,Washington
88,206262706282,293147,85,1,260,Washington
88,106263206329,293150,85,1,260,Washington
88,106263316352,293152,85,1,260,Washington
88,106063556365,293153,85,1,260,Washington
88,206262706282,293159,95,1,342,Norfolk
88,106263206329,293161,95,1,342,Norfolk
88,106263316352,293163,95,1,342,Norfolk
88,106063556365,293164,95,1,342,Norfolk
88,106263316352,293384,193,1,267,Washington
88,106063556365,293385,193,1,267,Washington
88,206262706282,293391,197,1,267,Washington
88,106263206329,293393,197,1,267,Washington
88,106263316352,293395,197,1,267,Washington
88,106063556365,293396,197,1,267,Washington
88,106263206329,293348,181,1,267,Washington
88,106263316352,293350,181,1,267,Washington
88,106063556365,293351,181,1,267,Washington
88,206262706282,293357,183,1,267,Washington
88,106263206329,293359,183,1,267,Washington
88,106263316352,293361,183,1,267,Washington
88,106063556365,293362,183,1,267,Washington
88,206262706282,293380,193,1,267,Washington
88,106263206329,293382,193,1,267,Washington
40751,206262706282,293237,2109,1,326,Washington
40751,106263206329,293239,2109,1,326,Washington
40751,106263316352,293241,2109,1,326,Washington
40751,106063556365,293242,2109,1,326,Washington
40751,206262706282,293282,2127,1,326,Washington
40751,106263206329,293284,2127,1,326,Washington
40751,106263316352,293286,2127,1,326,Washington
40751,106063556365,293287,2127,1,326,Washington
88,206262706282,293346,181,1,267,Washington
94,206462706277,295610,615,0,25,Harrisburg
94,100163326332,295613,615,0,25,Harrisburg
94,206562706277,295617,637,0,24,Philadelphia
94,100463306330,295623,637,0,24,Philadelphia
94,100263597001,295624,637,0,24,Philadelphia
40751,200162706276,295818,2224,0,328,New York
40751,206462706277,295823,2224,0,328,New York
40751,100563256330,295828,2224,0,328,New York
40751,100163326332,295830,2224,0,328,New York
40751,100263597001,295832,2224,0,328,New York
40751,206462706277,295847,2223,1,326,Washington
40751,106463266347,295849,2223,1,326,Washington
40751,100163326332,295850,2223,1,326,Washington
40751,206462706277,296227,2227,1,326,Washington
40751,106463266347,296229,2227,1,326,Washington
40751,100163326332,296230,2227,1,326,Washington
42912,212762706303,271304,8004,1,,Kingman
42912,112763047072,271305,8004,1,,Kingman
33820,208462706302,271307,8601,1,,Maricopa
33820,108463057073,271308,8601,1,,Maricopa
33820,203762706304,271310,8602,1,,Maricopa
33820,103763067072,271311,8602,1,,Maricopa
42891,212762706304,271316,8854,1,,Flagstaff
42891,112763057073,271317,8854,1,,Flagstaff
33820,208462706302,271319,8901,0,,Phoenix
33820,108463057073,271320,8901,0,,Phoenix
33820,203762706304,271322,8902,0,,Phoenix
33820,103763067072,271323,8902,0,,Phoenix
42891,212762706304,271325,8953,0,,Williams
42891,112763057073,271326,8953,0,,Williams
42891,212762706304,271328,8954,0,,Williams
42891,112763057073,271329,8954,0,,Williams
94,100463306330,284082,610,1,22,Philadelphia
94,100163326332,284083,676,1,21,New York
42954,312762707270,271834,5605,1,,Seattle
42954,312762707270,271842,5677,1,,Seattle
42954,312762707270,271935,5622,0,,Bellingham
75,100170727072,284160,1027,0,241,Portland
75,100170727072,284165,1028,1,243,Chicago
36948,312762707270,284863,311,0,255,Kansas City
42954,212762706282,285083,6510,1,,Martinez
42954,100162836283,285084,6510,1,,Martinez
42954,312762707270,285091,3814,1,,Stockton
42954,312762707270,284969,3711,0,,Chico
42954,312762707270,284972,3712,1,,Stockton
42954,312762707270,284975,3713,0,,Chico
42954,312762707270,284984,3811,0,,Davis
42954,312762707270,284987,3812,1,,Stockton
42954,312762707270,284990,3813,0,,Davis
42954,312762707270,284993,3815,0,,Davis
42954,312762707270,284996,3602,0,,Sacramento
42954,312762707270,285045,3916,1,,Stockton
42954,312762707270,285048,6611,0,,San Francisco
42954,312762707270,285051,6612,1,,Emeryville
42954,312762707270,285054,6613,0,,San Francisco
42954,312762707270,285057,6614,1,,Emeryville
42954,312762707270,285063,6616,1,,Emeryville
42954,312762707270,285069,6619,0,,San Francisco
42954,312762707270,285072,3704,1,,Sacramento
42954,312762707270,285075,3802,1,,Sacramento
42954,112762847270,285085,6510,1,,Martinez
42954,312762707270,285088,6517,0,,Santa Rosa
42954,312762707270,285002,3819,0,,Davis
42954,312762707270,285005,3701,0,,Chico
42954,312762707270,285011,3718,1,,Stockton
42954,306562707270,302705,6653,0,,San Francisco
42954,306562707270,302709,6677,0,,San Francisco
42954,306562707270,302713,6679,0,,San Francisco
42954,306562707270,302717,6683,0,,San Francisco
42954,306562707270,302721,6691,0,,San Francisco
42954,306562707270,302725,6693,0,,San Francisco
42954,306562707270,302729,6695,0,,San Francisco
42954,306562707270,302733,6699,0,,San Francisco
42954,306562707270,302737,6687,0,,San Francisco
42954,206262706329,302743,6621,0,,San Francisco
42954,106263346358,302745,6621,0,,San Francisco
42954,106063626365,302747,6621,0,,San Francisco
42954,206262706329,302751,6623,0,,San Francisco
42954,106263346358,302753,6623,0,,San Francisco
42954,106063626365,302755,6623,0,,San Francisco
42954,206262706329,302759,6625,0,,San Francisco
42954,106263346358,302761,6625,0,,San Francisco
42954,106063626365,302763,6625,0,,San Francisco
42954,206262706329,302765,6627,0,,San Francisco
42954,106263346358,302767,6627,0,,San Francisco
42954,106063626365,302769,6627,0,,San Francisco
42954,206262706329,302773,6629,0,,San Francisco
42954,106263346358,302775,6629,0,,San Francisco
42954,106063626365,302777,6629,0,,San Francisco
42954,206262706329,302781,6631,0,,San Francisco
42954,106263346358,302783,6631,0,,San Francisco
42954,106063626365,302785,6631,0,,San Francisco
42954,206262706329,302789,6635,0,,San Francisco
42954,106263346358,302791,6635,0,,San Francisco
42954,106063626365,302793,6635,0,,San Francisco
42954,206262706329,302797,6637,0,,San Francisco
42954,106263346358,302799,6637,0,,San Francisco
42954,106063626365,302801,6637,0,,San Francisco
42954,206262706329,302805,6641,0,,San Francisco
42954,106263346358,302807,6641,0,,San Francisco
42954,106063626365,302809,6641,0,,San Francisco
42954,206262706329,302813,6643,0,,San Francisco
42954,106263346358,302815,6643,0,,San Francisco
42954,106063626365,302817,6643,0,,San Francisco
42954,206262706329,302821,6645,0,,San Francisco
42954,106263346358,302823,6645,0,,San Francisco
42954,106063626365,302825,6645,0,,San Francisco
42954,206262706329,302829,6647,0,,San Francisco
42954,106263346358,302831,6647,0,,San Francisco
42954,106063626365,302833,6647,0,,San Francisco
42954,206262706329,302837,6649,0,,San Francisco
42954,106263346358,302839,6649,0,,San Francisco
42954,106063626365,302841,6649,0,,San Francisco
42954,206262706329,302845,6651,0,,San Francisco
42954,106263346358,302847,6651,0,,San Francisco
42954,106063626365,302849,6651,0,,San Francisco
42954,100663306331,302853,6697,0,,San Francisco
42954,100263597001,302854,6697,0,,San Francisco
42954,206262706329,302857,6639,0,,San Francisco
42954,106263346358,302859,6639,0,,San Francisco
42954,106063626365,302861,6639,0,,San Francisco
42954,306562707270,302964,5006,1,,Emeryville
42954,106270047270,302975,6624,1,,Emeryville
42954,106270047270,302983,6628,1,,Emeryville
42954,106270047270,302991,6630,1,,Emeryville
42954,106270047270,302999,6632,1,,Emeryville
42954,106270047270,303007,6634,1,,Emeryville
42954,306562707270,303008,6668,1,,Emeryville
42954,306562707270,303012,6670,1,,Emeryville
42954,306562707270,303016,6674,1,,Emeryville
42954,306562707270,303020,6678,1,,Emeryville
42954,306562707270,303024,6682,1,,Emeryville
42954,306562707270,303028,6684,1,,Emeryville
42954,306562707270,303032,6686,1,,Emeryville
42954,306562707270,303036,6692,1,,Emeryville
42954,306562707270,303040,6696,1,,Emeryville
42954,306562707270,303044,6698,1,,Emeryville
42954,106270047270,303055,6626,1,,Emeryville
42954,306562707270,303056,6688,1,,Emeryville
42954,106270047270,303067,6636,1,,Emeryville
42954,106270047270,303075,6638,1,,Emeryville
42954,106270047270,303083,6640,1,,Emeryville
42954,106270047270,303091,6642,1,,Emeryville
42954,106270047270,303099,6644,1,,Emeryville
42954,106270047270,303107,6648,1,,Emeryville
42954,106270047270,303115,6650,1,,Emeryville
42954,106263207270,302282,6125,1,,Virginia Beach
42954,206562706284,302310,6124,0,,Newport News
42954,206562706284,302314,6158,0,,Norfolk
42954,206262706288,302318,6186,0,,Newport News
42954,206262706289,302321,6438,0,,Norfolk
54,112763067270,302348,331,0,19,Milwaukee
54,112763067270,302353,335,0,19,Milwaukee
42954,112763347270,302417,5703,0,,Bakersfield
42954,112763347270,302423,5719,0,,Bakersfield
42954,112763347270,302429,5919,0,,Bakersfield
42954,312762707270,285020,6311,0,,Arcata
42954,312762707270,285023,6316,1,,Martinez
42954,312762707270,285026,6318,1,,Martinez
42954,312762707270,285029,6514,1,,Martinez
42954,312762707270,285032,6313,0,,Arcata
42954,306262707270,285033,3911,0,,San Jose
42954,306562707270,285036,3911,0,,San Jose
42954,312762707270,285039,3915,0,,San Jose
42954,312762707270,285042,6515,0,,Santa Rosa
41080,112762906298,302335,4156,0,,Washington
54,206562706305,302345,331,0,19,Milwaukee
54,106262716296,302346,331,0,19,Milwaukee
54,106262996303,302347,331,0,19,Milwaukee
54,206562706305,302350,335,0,19,Milwaukee
54,106262716296,302351,335,0,19,Milwaukee
54,106262996303,302352,335,0,19,Milwaukee
42954,306562707270,302494,3584,1,,Sparks
42954,306562707270,302503,3591,0,,Sacramento
42954,206562706284,302302,6099,1,,Virginia Beach
42954,106563046312,302304,6099,1,,Virginia Beach
42954,206262706289,302306,6394,0,,Norfolk
42954,112762906298,302307,6394,0,,Norfolk
42954,106563047270,302312,6124,0,,Newport News
42954,106563047270,302316,6158,0,,Norfolk
42954,106263017270,302320,6186,0,,Newport News
42954,106263017270,302323,6438,0,,Norfolk
42954,212762706296,302469,5402,1,,San Bernardino
42954,100162976297,302470,5402,1,,San Bernardino
42954,112762986365,302471,5402,1,,San Bernardino
42954,100270017001,302472,5402,1,,San Bernardino
42954,212762706296,302474,5412,1,,San Bernardino
42954,100162976297,302475,5412,1,,San Bernardino
42954,112762986365,302476,5412,1,,San Bernardino
42954,100270017001,302477,5412,1,,San Bernardino
42954,212762706296,302479,5415,0,,Bakersfield
42954,100162976297,302480,5415,0,,Bakersfield
42954,112762986365,302481,5415,0,,Bakersfield
42954,100270017001,302482,5415,0,,Bakersfield
42954,212762706296,302486,5419,0,,Bakersfield
42954,100162976297,302487,5419,0,,Bakersfield
42954,112762986327,302488,5419,0,,Bakersfield
42954,108863286333,302489,5419,0,,Bakersfield
42954,100763306332,302490,5419,0,,Bakersfield
42954,112763346365,302491,5419,0,,Bakersfield
42954,100270017001,302492,5419,0,,Bakersfield
42954,100663306331,302496,3584,1,,Sparks
42954,100263597001,302497,3584,1,,Sparks
42954,100663306331,302505,3591,0,,Sacramento
42954,100263597001,302506,3591,0,,Sacramento
42954,100663306331,302698,6673,0,,San Francisco
42954,100263597001,302699,6673,0,,San Francisco
42954,106262997270,302300,6094,0,,Norfolk
42954,106563187270,302305,6099,1,,Virginia Beach
42954,106262997270,302308,6394,0,,Norfolk
54,112762716296,302355,337,0,19,Milwaukee
54,112762716296,302358,339,0,19,Milwaukee
42954,112770027270,302473,5402,1,,San Bernardino
42954,112770027270,302478,5412,1,,San Bernardino
42954,112770027270,302483,5415,0,,Bakersfield
42954,206262706289,302298,6094,0,,Norfolk
42954,112762906298,302299,6094,0,,Norfolk
40751,106462776277,303303,2233,1,326,Washington
40751,106463266347,303305,2233,1,326,Washington
40751,100163326332,303306,2233,1,326,Washington
88,206262706282,303345,185,1,267,Washington
88,106263206329,303347,185,1,267,Washington
88,106263316352,303349,185,1,267,Washington
88,106063556365,303350,185,1,267,Washington
88,206262706282,303356,110,0,388,New York
88,106263206329,303359,110,0,388,New York
88,106263316358,303361,110,0,388,New York
88,106063626365,303363,110,0,388,New York
40751,106270047270,303375,2119,1,326,Washington
40751,106270047270,303387,2108,0,328,New York
40751,106463547270,303307,2233,1,326,Washington
88,106270047270,303352,185,1,267,Washington
88,106270047270,303364,110,0,388,New York
36930,204162706301,270812,1,0,269,Los Angeles
36930,104163047069,270813,1,0,269,Los Angeles
87,208262706300,270816,421,0,193,Los Angeles
87,108263037068,270817,421,0,193,Los Angeles
42912,112770757270,270870,8003,0,,Las Vegas
42912,112770737270,271306,8004,1,,Kingman
33820,108470757270,271309,8601,1,,Maricopa
33820,103770747270,271312,8602,1,,Maricopa
42891,112770747270,271318,8854,1,,Flagstaff
33820,108470757270,271321,8901,0,,Phoenix
33820,103770747270,271324,8902,0,,Phoenix
42891,112770747270,271327,8953,0,,Williams
42891,112770747270,271330,8954,0,,Williams
42891,312762707270,271511,8853,1,,Flagstaff
36930,104170727270,270814,1,0,269,Los Angeles
87,108270717270,270818,421,0,193,Los Angeles
88,106262856317,293847,1162,0,264,Boston
88,106563326333,293848,1162,0,237,New York
88,106262856317,293850,1144,0,388,New York
88,106262856317,293855,1118,0,237,New York
94,106270047270,293918,648,1,21,New York
94,106270047270,293941,650,1,21,New York
40751,206262706282,294065,2124,0,328,New York
40751,106263206329,294068,2124,0,328,New York
40751,106263316358,294070,2124,0,328,New York
40751,106063626365,294072,2124,0,328,New York
40751,206262706282,294077,2126,0,328,New York
40751,106263206329,294079,2126,0,328,New York
40751,106263316358,294081,2126,0,328,New York
40751,106063626365,294083,2126,0,328,New York
40751,206262706282,294088,2128,0,328,New York
40751,106263206329,294091,2128,0,328,New York
40751,106263316358,294093,2128,0,328,New York
40751,106063626365,294095,2128,0,328,New York
40751,206262706282,294109,2156,0,327,Boston
40751,106263206329,294111,2156,0,327,Boston
40751,106263316358,294113,2156,0,327,Boston
40751,106063626365,294115,2156,0,327,Boston
88,106262856317,293884,1168,0,264,Boston
40751,106262856317,293887,2148,0,327,Boston
88,106262856317,293888,1126,0,237,New York
88,106262856317,293891,1116,0,237,New York
88,106262856317,293895,1142,0,237,New York
40751,106262856317,293896,2114,0,328,New York
94,206262706282,293933,650,1,21,New York
94,106562836319,293934,650,1,21,New York
94,106262856289,293935,650,1,21,New York
94,106262926329,293936,650,1,21,New York
94,106263316358,293938,650,1,21,New York
94,106063626365,293940,650,1,21,New York
40751,106270047270,294019,2158,0,327,Boston
40751,106270047270,294030,2160,0,327,Boston
40751,106270047270,294073,2124,0,328,New York
40751,106270047270,294084,2126,0,328,New York
40751,106270047270,294096,2128,0,328,New York
40751,106270047270,294116,2156,0,327,Boston
40751,106270047270,294147,2112,0,328,New York
40751,106270047270,293090,2159,1,324,Washington
40751,106270047270,293100,2163,1,324,Washington
40751,106270047270,293122,2167,1,324,Washington
40751,106270047270,293133,2171,1,324,Washington
88,106270047270,293155,85,1,260,Washington
88,106270047270,293166,95,1,342,Norfolk
40751,106270047270,293244,2109,1,326,Washington
40751,106270047270,293289,2127,1,326,Washington
94,106270047270,293665,649,0,23,Harrisburg
42912,212762706304,270867,8003,0,,Las Vegas
42912,112763067074,270869,8003,0,,Las Vegas
60,312762707270,304438,507,1,292,Eugene
60,312762707270,304441,509,1,293,Portland
60,312762707270,304454,511,1,293,Portland
60,312762707270,304457,506,0,290,Seattle
40751,206262706282,294215,2104,0,328,New York
40751,106263206329,294218,2104,0,328,New York
40751,106263316358,294220,2104,0,328,New York
40751,106063626365,294222,2104,0,328,New York
88,206262706282,294232,198,1,237,New York
88,106263206329,294235,198,1,237,New York
88,106263316352,294237,198,1,237,New York
88,106063556365,294238,198,1,237,New York
88,206262706282,294433,170,0,264,Boston
88,106263206329,294436,170,0,264,Boston
88,106263316358,294438,170,0,264,Boston
88,106063626365,294440,170,0,264,Boston
88,206262706282,294455,174,0,264,Boston
88,106263206329,294458,174,0,264,Boston
88,106263316358,294460,174,0,264,Boston
88,106063626365,294462,174,0,264,Boston
88,206462706277,296104,117,1,390,Washington
88,106463266347,296107,117,1,390,Washington
88,100163326332,296108,117,1,390,Washington
88,206462706277,296114,105,1,267,Washington
88,106463266347,296116,105,1,267,Washington
88,100163326332,296117,105,1,267,Washington
88,106263316358,294730,112,0,237,New York
88,106063626365,294732,112,0,237,New York
88,206262706282,294725,112,0,237,New York
88,106263206329,294728,112,0,237,New York
88,106263206329,294365,192,0,237,New York
88,106263316358,294367,192,0,237,New York
88,106063626365,294369,192,0,237,New York
88,206262706282,294373,196,0,237,New York
88,106263206329,294376,196,0,237,New York
88,106263316358,294378,196,0,237,New York
88,106063626365,294380,196,0,237,New York
88,106270047270,294441,170,0,264,Boston
88,106270047270,294463,174,0,264,Boston
88,106270047270,294485,178,0,343,Boston
88,106270047270,294496,182,0,237,New York
88,106270047270,294507,184,0,264,Boston
88,106270047270,294619,130,0,237,New York
88,106270047270,294630,134,0,237,New York
88,106270047270,294641,136,0,258,Springfield
88,106271677270,294655,138,0,349,New York
88,106270047270,294733,112,0,237,New York
88,206462706277,296045,121,1,267,Washington
88,106463266347,296047,121,1,267,Washington
88,100163326332,296048,121,1,267,Washington
88,206462706277,296054,123,1,389,Philadelphia
88,100163326332,296057,123,1,389,Philadelphia
88,206462706277,296072,145,1,340,Roanoke
88,106463266347,296074,145,1,340,Roanoke
88,100163326332,296075,145,1,340,Roanoke
58,207462706289,294583,51,0,188,Chicago
58,107462916298,294584,51,0,,Chicago
58,107463016352,294585,51,0,188,Chicago
88,206262706282,294611,130,0,237,New York
88,106263206329,294614,130,0,237,New York
88,106263316358,294616,130,0,237,New York
88,106063626365,294618,130,0,237,New York
88,206262706282,294622,134,0,237,New York
88,106263206329,294625,134,0,237,New York
88,106263316358,294627,134,0,237,New York
88,106063626365,294629,134,0,237,New York
88,206262706282,294633,136,0,258,Springfield
88,106263206329,294636,136,0,258,Springfield
88,106263316358,294638,136,0,258,Springfield
88,106063626365,294640,136,0,258,Springfield
88,206262706282,294645,138,0,349,New York
88,106263206329,294648,138,0,349,New York
88,106263316358,294650,138,0,349,New York
88,106063626365,294652,138,0,349,New York
88,106270047165,294653,138,0,349,New York
88,101671667166,294654,138,0,349,New York
88,206262706282,294477,178,0,343,Boston
88,106263206329,294480,178,0,343,Boston
88,106263316358,294482,178,0,343,Boston
88,106063626365,294484,178,0,343,Boston
88,206262706282,294488,182,0,264,Boston
88,106263206329,294491,182,0,237,New York
88,106263316358,294493,182,0,237,New York
88,106063626365,294495,182,0,237,New York
88,206262706282,294499,184,0,264,Boston
88,106263206329,294502,184,0,264,Boston
88,106263316358,294504,184,0,264,Boston
88,106063626365,294506,184,0,264,Boston
42947,112770737270,285485,97,1,114,Miami
81,212762707071,286831,48,1,127,New York
81,100170727072,286832,48,1,127,New York
42947,212762706288,285479,97,1,114,Miami
42947,112762896298,285480,97,1,,Miami
42947,112762996352,285481,97,1,114,Miami
42947,112763536365,285482,97,1,114,Miami
42947,112770017071,285483,97,1,114,Miami
42947,100170727072,285484,97,1,114,Miami
94,206562706277,295567,669,0,23,Harrisburg
94,100463306330,295571,669,0,23,Harrisburg
94,100263597001,295572,669,0,23,Harrisburg
94,106463267270,295612,615,0,25,Harrisburg
94,106563257270,295622,637,0,24,Philadelphia
40751,200162706276,295913,2208,0,328,New York
40751,206462706277,295916,2208,0,328,New York
40751,100563256330,295919,2208,0,328,New York
40751,100163326332,295921,2208,0,328,New York
40751,100263597001,295923,2208,0,328,New York
40751,200162706276,295934,2207,1,326,Washington
40751,100563256330,295937,2207,1,326,Washington
40751,100163396346,295939,2207,1,326,Washington
40751,100263597001,295941,2207,1,326,Washington
40751,206462706277,295946,2209,1,326,Washington
40751,106463266347,295948,2209,1,326,Washington
40751,100163326332,295949,2209,1,326,Washington
40751,200162706276,295952,2211,1,326,Washington
40751,100563256330,295955,2211,1,326,Washington
40751,100163396346,295957,2211,1,326,Washington
40751,100263597001,295959,2211,1,326,Washington
94,106563257270,295570,669,0,23,Harrisburg
88,106463547270,296021,189,1,267,Washington
88,206262706282,294340,186,0,393,Philadelphia
88,106263206329,294343,186,0,393,Philadelphia
88,106263316358,294345,186,0,393,Philadelphia
88,106063626365,294347,186,0,393,Philadelphia
88,206262706282,294351,190,0,356,Boston
88,106263206329,294354,190,0,356,Boston
88,106263316358,294356,190,0,356,Boston
88,106063626365,294358,190,0,356,Boston
88,206262706282,294362,192,0,237,New York
94,206562706277,295139,667,0,23,Harrisburg
94,106562836319,295141,667,0,23,Harrisburg
94,100463306330,295143,667,0,23,Harrisburg
94,100263597001,295144,667,0,23,Harrisburg
40751,106463547270,295860,2213,1,326,Washington
40751,106463547270,295869,2215,1,326,Washington
40751,106463267270,295877,2222,0,328,New York
40751,106463267270,295898,2219,1,326,Washington
40751,100163397270,295900,2219,1,326,Washington
40751,106463267270,295909,2212,0,328,New York
88,206462706277,296017,189,1,267,Washington
88,106463266347,296019,189,1,267,Washington
88,100163326332,296020,189,1,267,Washington
88,106463547270,296049,121,1,267,Washington
88,106463267270,296056,123,1,389,Philadelphia
88,106463547270,296076,145,1,340,Roanoke
88,106463547270,296109,117,1,390,Washington
88,106463547270,296118,105,1,267,Washington
88,106463267270,296181,120,0,237,New York
88,106463267270,296189,122,0,237,New York
88,106463267270,296213,104,0,237,New York
88,106463267270,296221,100,0,237,New York
40751,106463547270,296231,2227,1,326,Washington
40751,106463267270,295829,2224,0,328,New York
40751,100163397270,295831,2224,0,328,New York
40751,106463547270,295851,2223,1,326,Washington
40751,206462706277,295856,2213,1,326,Washington
40751,106463266347,295858,2213,1,326,Washington
40751,100163326332,295859,2213,1,326,Washington
40751,206462706277,295865,2215,1,326,Washington
40751,106463266347,295867,2215,1,326,Washington
40751,100163326332,295868,2215,1,326,Washington
40751,206462706277,295873,2222,0,328,New York
40751,100163326332,295878,2222,0,328,New York
40751,200162706276,295893,2219,1,326,Washington
40751,206462706277,295894,2219,1,326,Washington
40751,100563256330,295897,2219,1,326,Washington
40751,100163326332,295899,2219,1,326,Washington
40751,100263597001,295901,2219,1,326,Washington
40751,206462706277,295906,2212,0,328,New York
40751,100163326332,295910,2212,0,328,New York
40751,106463267270,295920,2208,0,328,New York
40751,100163397270,295922,2208,0,328,New York
40751,100163537270,295940,2207,1,326,Washington
40751,106463547270,295950,2209,1,326,Washington
40751,100163537270,295958,2211,1,326,Washington
84,206262706329,290269,524,1,64,Sacramento
84,106263346358,290271,524,1,64,Sacramento
84,106063626365,290273,524,1,64,Sacramento
94,206262706282,290410,607,0,23,Harrisburg
94,106562836319,290411,607,0,23,Harrisburg
94,106262856317,290412,607,0,23,Harrisburg
94,106263206329,290413,607,0,23,Harrisburg
94,106263316358,290415,607,0,23,Harrisburg
94,106063626365,290417,607,0,23,Harrisburg
94,106270047270,290418,607,0,23,Harrisburg
84,206262706329,290747,544,1,64,Sacramento
84,106263346358,290749,544,1,64,Sacramento
84,106063626365,290751,544,1,64,Sacramento
84,106270047270,290752,544,1,64,Sacramento
41044,206262706303,291372,494,0,316,Greenfield
41044,106263066329,291373,494,0,316,Greenfield
41044,106263316358,291375,494,0,316,Greenfield
41044,106063626365,291377,494,0,316,Greenfield
84,106063626365,300747,527,0,230,San Jose
40751,206262706282,300968,2107,1,326,Washington
40751,106263206329,300970,2107,1,326,Washington
40751,106263316352,300972,2107,1,326,Washington
40751,106063556365,300973,2107,1,326,Washington
40751,106270047270,300786,2154,0,327,Boston
61,106262927270,300909,680,1,153,Boston
41042,306462707270,300765,409,1,318,New Haven
40751,206262706282,300791,2193,1,,New York
40751,106263206329,300793,2193,1,,New York
40751,106263316358,300795,2193,1,,New York
40751,106063626365,300797,2193,1,,New York
84,100663306331,291533,724,1,64,Sacramento
84,100263597001,291534,724,1,64,Sacramento
84,306562707270,291578,738,1,64,Sacramento
84,306562707270,291531,724,1,64,Sacramento
84,100663306331,291580,738,1,64,Sacramento
84,100263597001,291581,738,1,64,Sacramento
84,106270047270,291628,520,1,59,Sacramento
84,106270047270,300748,527,0,230,San Jose
77,312762707270,300753,52,0,6,Lorton
77,312762707270,300755,53,1,5,Sanford
40751,106270047270,300798,2193,1,,New York
61,206262706289,300908,680,1,153,Boston
84,206262706329,300743,527,0,230,San Jose
84,106263346358,300745,527,0,230,San Jose
84,106270047270,301154,526,1,59,Sacramento
40751,106270047270,301091,2162,0,327,Boston
94,206262706329,301014,605,0,25,Harrisburg
94,106263316358,301016,605,0,25,Harrisburg
94,106063626365,301018,605,0,25,Harrisburg
84,106270047270,301131,525,0,61,Oakland
84,206262706329,301126,525,0,61,Oakland
84,106263346358,301128,525,0,61,Oakland
84,106063626365,301130,525,0,61,Oakland
84,206262706329,301149,526,1,59,Sacramento
84,106263346358,301151,526,1,59,Sacramento
84,106063626365,301153,526,1,59,Sacramento
41042,100163326332,300766,409,1,318,New Haven
40751,106270047270,300975,2107,1,326,Washington
40751,206262706282,300779,2154,0,327,Boston
40751,106263206329,300781,2154,0,327,Boston
40751,106263316358,300783,2154,0,327,Boston
40751,106063626365,300785,2154,0,327,Boston
94,106270047270,301019,605,0,25,Harrisburg
88,206262706282,301035,141,1,259,Washington
88,106263206329,301037,141,1,259,Washington
88,106263316352,301039,141,1,259,Washington
88,106063556365,301040,141,1,259,Washington
88,106462776277,301047,157,1,259,Washington
88,100163326332,301050,157,1,259,Washington
88,206262706282,301063,84,0,237,New York
94,106063626365,301581,600,1,21,New York
94,206262706282,301586,642,1,21,New York
94,106262856317,301587,642,1,22,Philadelphia
94,106263206324,301588,642,1,21,New York
94,105663276329,301589,642,1,21,New York
94,106263316358,301591,642,1,21,New York
94,106063626365,301593,642,1,21,New York
94,106063347270,301653,622,1,22,Philadelphia
94,100270087270,301663,624,1,21,New York
94,106270047270,301674,626,1,21,New York
84,306562707270,301693,732,1,59,Sacramento
94,206062706281,301648,622,1,22,Philadelphia
94,106262856323,301649,622,1,22,Philadelphia
94,104863276328,301650,622,1,22,Philadelphia
94,200262706282,301655,624,1,21,New York
94,100263246324,301659,624,1,21,New York
94,100863296329,301660,624,1,21,New York
94,100263316352,301661,624,1,21,New York
94,206262706285,301666,626,1,21,New York
94,106562836319,301667,626,1,21,New York
94,106262866317,301668,626,1,21,New York
94,106263206329,301669,626,1,21,New York
94,106263316358,301671,626,1,21,New York
94,106063626365,301673,626,1,21,New York
42954,312762707270,301684,3817,0,,Davis
42954,312762707270,301687,3717,0,,Chico
42954,312762707270,301690,6617,0,,San Francisco
88,106263206329,301066,84,0,237,New York
88,106263316358,301068,84,0,237,New York
88,106063626365,301070,84,0,237,New York
40751,206262706282,301084,2162,0,327,Boston
40751,106263206329,301086,2162,0,327,Boston
40751,106263316358,301088,2162,0,327,Boston
40751,106063626365,301090,2162,0,327,Boston
88,106270047270,301042,141,1,259,Washington
88,106463267270,301049,157,1,259,Washington
88,106270047270,301071,84,0,237,New York
42954,312762707270,301443,8501,0,,Redding
41080,312762707270,301445,8514,1,,Sacramento
41080,312762707270,301447,8517,0,,Redding
41080,312762707270,301449,8504,1,,Sacramento
18650,112762737270,288466,8359,1,,Carbondale
18650,212762706272,288465,8359,1,,Carbondale
84,306562707270,288487,749,0,61,Oakland
84,100663306331,288489,749,0,61,Oakland
84,100263597001,288490,749,0,61,Oakland
18650,212762706274,287788,8358,0,,St. Louis
68,112763067270,288440,63,0,350,Toronto
68,212762706305,288439,63,0,350,Toronto
51,100170727072,288953,1004,1,118,Chicago
88,106262856317,308218,1160,0,264,Boston
40751,206262706282,308226,2150,0,327,Boston
40751,106262856317,308227,2150,0,327,Boston
40751,106263206329,308228,2150,0,327,Boston
40751,106263316358,308230,2150,0,327,Boston
41044,100463306330,308831,488,0,316,Greenfield
41044,100263597001,308832,488,0,316,Greenfield
41044,100463306330,308836,499,1,320,Springfield
41044,100263597001,308837,499,1,320,Springfield
51,100170727072,288918,1003,0,270,Los Angeles
41042,306562707270,308825,464,0,319,Springfield
41044,306562707270,308830,488,0,316,Greenfield
41044,306562707270,308835,499,1,320,Springfield
88,106563257270,308885,158,0,349,New York
94,100163397270,308894,611,0,25,Harrisburg
58,102170757270,308903,50,1,187,New York
85,107070017270,308919,80,0,177,New York
85,105770027270,308920,80,0,177,New York
88,100163397270,308929,142,0,237,New York
94,106563257270,308982,660,1,21,New York
94,106563257270,308989,664,1,21,New York
42954,106563257270,309041,6128,0,,Norfolk
88,112763537270,309067,66,0,343,Boston
94,206562706277,309084,665,0,23,Harrisburg
94,100463306330,309087,665,0,23,Harrisburg
94,100263597001,309088,665,0,23,Harrisburg
94,206562706277,309091,670,1,21,New York
94,100263597001,309095,670,1,21,New York
88,106562766277,309100,135,1,260,Washington
88,106562836284,309101,135,1,267,Washington
88,106562906298,309102,135,1,267,Washington
88,106563046305,309103,135,1,267,Washington
88,106563116319,309104,135,1,260,Washington
88,106563256347,309105,135,1,260,Washington
88,100463306330,309106,135,1,260,Washington
88,100263597001,309108,135,1,260,Washington
88,106562766277,309112,143,1,259,Washington
88,100162836283,309113,143,1,,New Haven
88,106562846305,309114,143,1,,New Haven
88,106563116319,309115,143,1,259,Washington
88,106563256347,309116,143,1,259,Washington
88,100463306330,309117,143,1,259,Washington
88,100263597001,309119,143,1,259,Washington
88,106562766277,309123,195,1,260,Washington
88,106562836284,309124,195,1,260,Washington
88,106562906298,309125,195,1,260,Washington
88,106563046305,309126,195,1,260,Washington
88,106563116319,309127,195,1,260,Washington
88,106563256347,309128,195,1,260,Washington
88,100463306330,309129,195,1,260,Washington
88,100263597001,309131,195,1,260,Washington
88,100162766276,309193,146,0,258,Springfield
88,106462776277,309194,146,0,258,Springfield
88,106562836305,309195,146,0,258,Springfield
88,106563116312,309196,146,0,258,Springfield
88,106463196319,309198,146,0,258,Springfield
88,100463306330,309200,146,0,258,Springfield
88,100263597001,309201,146,0,258,Springfield
88,206562706277,308878,158,0,349,New York
88,106562836284,308880,158,0,349,New York
88,106562906298,308881,158,0,237,New York
88,106563046305,308882,158,0,349,New York
88,106563116312,308883,158,0,349,New York
88,106563186319,308884,158,0,349,New York
88,100463306330,308886,158,0,349,New York
88,100263597001,308887,158,0,349,New York
94,100263597001,308984,660,1,21,New York
94,206562706277,308987,664,1,21,New York
94,106562836319,308988,664,1,21,New York
94,100463306330,308990,664,1,21,New York
94,100263597001,308991,664,1,21,New York
94,306562707270,309000,661,0,23,Harrisburg
94,100163397270,309011,662,1,21,New York
42954,106563257270,309017,6155,1,,Newport News
42954,106563257270,309022,6156,1,,Virginia Beach
42954,206562706277,309039,6128,0,,Norfolk
88,112762716282,309059,66,0,343,Boston
88,112562836288,309060,66,0,343,Boston
88,112762906299,309062,66,0,264,Boston
88,112763006309,309063,66,0,343,Boston
88,106763106312,309064,66,0,343,Boston
88,112763136319,309065,66,0,343,Boston
88,112763206352,309066,66,0,343,Boston
88,112470037270,309081,67,1,84,Newport News
88,106563537270,309107,135,1,260,Washington
88,106563537270,309118,143,1,259,Washington
88,106563537270,309130,195,1,260,Washington
84,100663306331,309274,751,0,61,Oakland
84,100263597001,309275,751,0,61,Oakland
88,106270047270,309219,173,1,260,Washington
84,106562766277,309266,742,1,59,Sacramento
84,100663306331,309269,742,1,59,Sacramento
84,100263597001,309270,742,1,59,Sacramento
42896,112363246334,309287,5602,1,,Santa Barbara
42896,107263296333,309288,5610,1,,Santa Barbara
42896,112363246334,309289,5615,0,,Bakersfield
42896,107263296333,309290,5603,0,,Bakersfield
42896,107263296333,309291,5614,1,,Santa Barbara
42896,107263296333,309292,5617,0,,Bakersfield
42954,107263296333,309293,3912,1,,Stockton
42954,107263296333,309294,3913,0,,San Jose
42954,107263296333,309295,3918,1,,Stockton
42954,107263296333,309296,3919,0,,San Jose
42954,112363256333,309297,5414,1,,San Bernardino
42954,112763256334,309221,5803,0,,Bakersfield
84,106562767270,309251,736,1,59,Sacramento
84,106562767270,309256,737,0,61,Oakland
84,106562767270,309273,751,0,61,Oakland
42954,112363256333,309285,3818,1,,Stockton
42954,112363256333,309286,3719,0,,Sacramento
42954,112763347270,309229,3715,0,,Sacramento
84,100663306331,309252,736,1,59,Sacramento
84,100263597001,309253,736,1,59,Sacramento
84,100663306331,309257,737,0,61,Oakland
84,100263597001,309258,737,0,61,Oakland
42954,112763256334,309278,5814,1,,Los Angeles
42954,112763256334,309279,5816,1,,Los Angeles
42954,108963286333,309280,5903,0,,Bakersfield
42954,108963286333,309281,5914,1,,Santa Monica
42954,108963286333,309282,5915,0,,Bakersfield
42954,108963286333,309283,5902,1,,Santa Monica
42954,112763256334,309284,5718,1,,Irvine
42954,100363246325,309235,3714,1,,Stockton
84,106562907270,309268,742,1,59,Sacramento
42954,112363256333,309298,5410,1,,San Bernardino
42954,112363256333,309299,5417,0,,Bakersfield
42954,112363256333,309300,5403,0,,Bakersfield
40751,106063626365,308232,2150,0,327,Boston
40751,106270047270,308327,2152,0,327,Boston
90,106270047270,308339,55,1,190,Washington
88,106562766277,308386,162,0,264,Boston
88,106562836305,308387,162,0,264,Boston
88,106563116312,308388,162,0,264,Boston
88,100463306330,308390,162,0,264,Boston
88,100263597001,308391,162,0,264,Boston
88,206562706277,308534,156,0,339,New York
88,106562836284,308536,156,0,339,New York
88,106562906298,308537,156,0,237,New York
88,103262996299,308538,156,0,,Washington
88,106563046305,308540,156,0,339,New York
88,106563116312,308541,156,0,339,New York
88,106563186319,308542,156,0,339,New York
88,100463306330,308544,156,0,339,New York
88,100263597001,308545,156,0,339,New York
36923,200362706282,308546,20,0,244,New York
36923,212462706288,308547,20,0,244,New York
36923,100162836283,308548,20,0,244,New York
36923,100362896297,308549,20,0,,Atlanta
36923,112462916298,308550,20,0,,Atlanta
36923,112462996328,308551,20,0,244,New York
36923,100363036304,308552,20,0,244,New York
36923,100363106311,308553,20,0,244,New York
36923,100363176360,308554,20,0,244,New York
36923,100863296329,308555,20,0,244,New York
36923,112463306357,308556,20,0,244,New York
36923,100463586365,308557,20,0,244,New York
36923,112063616364,308558,20,0,244,New York
36923,100370017071,308559,20,0,244,New York
36923,100170727072,308561,20,0,244,New York
40751,106462776277,308565,2218,0,328,New York
40751,100162836304,308566,2218,0,328,New York
40751,106462846291,308567,2218,0,328,New York
40751,106462986305,308568,2218,0,328,New York
40751,106563116312,308569,2218,0,328,New York
40751,106563186319,308570,2218,0,328,New York
40751,100163326332,308572,2218,0,328,New York
88,200162706276,308573,106,0,237,New York
88,106562836305,308576,106,0,237,New York
88,106563116312,308577,106,0,237,New York
88,106563186319,308578,106,0,237,New York
88,100563256330,308579,106,0,237,New York
88,100263597001,308582,106,0,237,New York
88,100163397270,308638,194,0,264,Boston
41042,100463306330,308826,464,0,319,Springfield
41042,100263597001,308827,464,0,319,Springfield
42954,112762787270,308970,5604,0,,Bellingham
94,106563257270,308975,663,0,23,Harrisburg
94,100463306330,309001,661,0,23,Harrisburg
94,100263597001,309002,661,0,23,Harrisburg
94,100162766276,309005,662,1,21,New York
94,100162836318,309006,662,1,21,New York
94,106462846319,309007,662,1,21,New York
94,100163256325,309008,662,1,21,New York
94,100463306330,309009,662,1,21,New York
94,100263597001,309012,662,1,21,New York
42954,206562706277,309013,6155,1,,Newport News
42954,106562836284,309014,6155,1,,Newport News
42954,106563046319,309016,6155,1,,Newport News
42954,206562706277,309018,6156,1,,Virginia Beach
42954,106562836284,309019,6156,1,,Virginia Beach
42954,106563046319,309021,6156,1,,Virginia Beach
42954,106263207270,309028,6093,0,,Newport News
42954,106263207270,309035,6095,1,,Virginia Beach
94,106563327270,309048,666,1,21,New York
94,106563257270,309054,671,0,23,Harrisburg
88,106563257270,309137,150,0,356,Boston
88,106563257270,309147,160,0,264,Boston
41044,106562767270,309152,400,0,317,Greenfield
41042,106562767270,309157,405,1,318,New Haven
41042,106562767270,309162,450,0,319,Springfield
41042,106562767270,309167,460,0,319,Springfield
41044,106562767270,309172,461,1,315,New Haven
88,106563187270,309181,88,0,264,Boston
88,112462716281,309070,67,1,84,Newport News
88,112062846287,309071,67,1,84,Newport News
88,100462886288,309072,67,1,86,Richmond
88,112462916299,309073,67,1,260,Washington
88,112463006309,309074,67,1,84,Newport News
88,112463126319,309075,67,1,84,Newport News
88,112463206328,309076,67,1,84,Newport News
88,112463306357,309078,67,1,84,Newport News
88,112063616364,309080,67,1,84,Newport News
88,100163187270,309197,146,0,258,Springfield
88,106463267270,309199,146,0,258,Springfield
42954,112762857270,309209,4782,1,,Santa Barbara
88,206262706271,309210,173,1,260,Washington
88,106262736282,309212,173,1,260,Washington
88,106263206329,309214,173,1,260,Washington
88,106263316352,309216,173,1,260,Washington
88,106063556365,309217,173,1,260,Washington
42954,212762706331,309227,3715,0,,Sacramento
42954,106563326333,309228,3715,0,,Chico
42954,112763256334,309276,5819,0,,Bakersfield
42954,112763246333,309277,5711,0,,Bakersfield
42954,212762706282,309207,4782,1,,Santa Barbara
42954,106562836284,309208,4782,1,,Santa Barbara
84,106270047270,301498,530,1,64,Sacramento
95,112762717270,301485,69,0,4,Montreal
84,206262706329,301493,530,1,64,Sacramento
84,106263346358,301495,530,1,64,Sacramento
94,100162766276,308890,611,0,25,Harrisburg
94,100563256330,308892,611,0,25,Harrisburg
94,100263597001,308895,611,0,25,Harrisburg
58,202162706288,308896,50,1,187,New York
58,102162906297,308897,50,1,,Indianapolis
58,102163006309,308898,50,1,187,New York
58,100163116311,308899,50,1,187,New York
58,102163146318,308900,50,1,187,New York
58,102163217070,308901,50,1,187,New York
58,100170727072,308902,50,1,187,New York
85,200162706276,308904,80,0,177,New York
85,206662706277,308905,80,0,177,New York
85,205662706280,308906,80,0,177,New York
85,200462706281,308907,80,0,177,New York
85,107062826289,308908,80,0,177,New York
85,105762836287,308909,80,0,177,New York
85,105762906297,308910,80,0,,Raleigh
85,107062916298,308911,80,0,,Raleigh
85,103262996299,308912,80,0,177,New York
85,105763006308,308913,80,0,177,New York
85,107063026310,308914,80,0,177,New York
85,100163116311,308915,80,0,177,New York
85,106463126312,308916,80,0,177,New York
85,105763136364,308917,80,0,177,New York
85,107063166365,308918,80,0,177,New York
88,200162706283,308921,142,0,237,New York
88,106562846305,308924,142,0,237,New York
88,106563116312,308925,142,0,237,New York
88,106563186319,308926,142,0,237,New York
88,100563256330,308927,142,0,237,New York
88,100263597001,308930,142,0,237,New York
94,106563257270,309086,665,0,23,Harrisburg
94,106563257270,309093,670,1,21,New York
88,106563257270,308938,124,0,393,Philadelphia
88,106563537270,308947,128,0,349,New York
69,112770017270,308967,90,0,104,New York
42954,212762706276,308968,5604,0,,Bellingham
42954,106462776277,308969,5604,0,,Bellingham
94,206562706277,308973,663,0,23,Harrisburg
94,100463306330,308976,663,0,23,Harrisburg
94,100263597001,308977,663,0,23,Harrisburg
42954,206262706282,309023,6093,0,,Newport News
42954,112762906298,309025,6093,0,,Virginia Beach
42954,206262706282,309029,6095,1,,Virginia Beach
42954,106062856288,309030,6095,1,,Virginia Beach
42954,112762906298,309032,6095,1,,Newport News
42954,106263006317,309034,6095,1,,Virginia Beach
94,206562706277,309044,666,1,21,New York
94,106563256326,309046,666,1,21,New York
94,100463306330,309047,666,1,21,New York
94,100263597001,309049,666,1,21,New York
94,206562706277,309052,671,0,23,Harrisburg
94,100463306330,309055,671,0,23,Harrisburg
94,100263597001,309056,671,0,23,Harrisburg
88,106562766277,309135,150,0,356,Boston
88,106562836319,309136,150,0,356,Boston
88,100463306330,309138,150,0,356,Boston
88,100263597001,309139,150,0,356,Boston
88,106562766277,309143,160,0,264,Boston
88,106562836305,309144,160,0,,Boston
88,106563116312,309145,160,0,264,Boston
88,106563186319,309146,160,0,264,Boston
88,100463306330,309148,160,0,264,Boston
88,100263597001,309149,160,0,264,Boston
41044,100463306330,309153,400,0,317,Greenfield
41044,100263597001,309154,400,0,317,Greenfield
41042,100463306330,309158,405,1,318,New Haven
41042,100263597001,309159,405,1,318,New Haven
41042,100463306330,309163,450,0,319,Springfield
41042,100263597001,309164,450,0,319,Springfield
41042,100463306330,309168,460,0,319,Springfield
41042,100263597001,309169,460,0,319,Springfield
41044,100463306330,309173,461,1,315,New Haven
41044,100263597001,309174,461,1,315,New Haven
88,106562766277,309178,88,0,264,Boston
88,106562836305,309179,88,0,237,New York
88,106563116312,309180,88,0,264,Boston
88,100463306330,309182,88,0,264,Boston
88,100263597001,309183,88,0,264,Boston
88,206562706277,308931,124,0,393,Philadelphia
88,106562836284,308933,124,0,393,Philadelphia
88,106562906298,308934,124,0,,Philadelphia
88,106563046305,308935,124,0,393,Philadelphia
88,106563116312,308936,124,0,393,Philadelphia
88,106563186319,308937,124,0,393,Philadelphia
88,100463306330,308939,124,0,393,Philadelphia
88,100263597001,308940,124,0,393,Philadelphia
88,206562706277,308941,128,0,349,New York
88,106562836305,308942,128,0,237,New York
88,106563116312,308943,128,0,237,New York
88,106563186319,308944,128,0,237,New York
88,106563256347,308945,128,0,349,New York
88,100463306330,308946,128,0,349,New York
88,100263597001,308948,128,0,349,New York
69,212762706288,308961,90,0,104,New York
69,112763006309,308963,90,0,104,New York
69,100263106310,308964,90,0,104,New York
69,106563116312,308965,90,0,104,New York
69,112763136365,308966,90,0,104,New York
94,206562706277,308980,660,1,21,New York
94,100463306330,308983,660,1,21,New York
84,306562707270,301878,729,0,357,San Jose
84,100663306331,301879,729,0,357,San Jose
84,100263597001,301880,729,0,357,San Jose
42954,206262706282,302108,6193,1,,Virginia Beach
81,112770737270,302066,448,1,126,Boston
81,112770737270,302077,449,0,125,Chicago
79,112762827270,302084,73,0,108,Charlotte
84,106063626365,301497,530,1,64,Sacramento
94,206262706282,301624,652,1,21,New York
94,106562836319,301625,652,1,22,Philadelphia
94,106262856317,301626,652,1,22,Philadelphia
94,106263206324,301627,652,1,21,New York
94,105663276329,301628,652,1,21,New York
94,106263316358,301630,652,1,21,New York
94,106063626365,301632,652,1,21,New York
94,206262706282,301636,658,1,21,New York
94,106562836319,301637,658,1,22,Philadelphia
94,106262856317,301638,658,1,22,Philadelphia
94,106263206324,301639,658,1,21,New York
94,105663276329,301640,658,1,21,New York
94,106263316358,301642,658,1,21,New York
94,106063626365,301644,658,1,21,New York
84,100663306331,301695,732,1,59,Sacramento
84,100263597001,301696,732,1,59,Sacramento
94,206262706282,301559,640,1,21,New York
94,106262856317,301560,640,1,22,Philadelphia
94,106263206324,301561,640,1,21,New York
94,105663276329,301562,640,1,21,New York
94,106263316358,301564,640,1,21,New York
94,106063626365,301566,640,1,21,New York
94,106270047270,301567,640,1,21,New York
94,106270047270,301582,600,1,21,New York
94,106270047270,301594,642,1,21,New York
94,206262706282,301597,644,1,21,New York
94,106262856317,301598,644,1,21,New York
94,106263206324,301599,644,1,21,New York
94,105663276329,301600,644,1,21,New York
94,106263316358,301602,644,1,21,New York
94,106063626365,301604,644,1,21,New York
94,206262706282,301608,646,1,21,New York
94,106262856317,301609,646,1,22,Philadelphia
94,106263206329,301610,646,1,21,New York
94,106263316358,301612,646,1,21,New York
94,106063626365,301614,646,1,21,New York
94,106270047270,301633,652,1,21,New York
94,106270047270,301645,658,1,21,New York
94,106270047270,301605,644,1,21,New York
94,106270047270,301615,646,1,21,New York
94,206262706282,301574,600,1,21,New York
94,112762836319,301575,600,1,22,Philadelphia
94,106263206324,301576,600,1,21,New York
94,105663276329,301577,600,1,21,New York
94,106263316358,301579,600,1,21,New York
36921,312762707270,301901,238,1,245,New York
79,206762706277,302083,73,0,108,Charlotte
42954,106563187270,302114,6087,0,,Newport News
42954,106563187270,302132,6187,1,,Virginia Beach
42954,206262706282,302278,6125,1,,Virginia Beach
42954,106062856288,302279,6125,1,,Virginia Beach
42954,106262996317,302281,6125,1,,Virginia Beach
54,106263627270,302343,329,0,19,Milwaukee
54,100263037270,302362,343,0,19,Milwaukee
42991,112762977270,302366,1333,0,338,St. Paul
54,200162706304,302368,330,1,20,Chicago
54,106262716296,302369,330,1,20,Chicago
54,106262996303,302370,330,1,20,Chicago
54,106363066329,302371,330,1,20,Chicago
54,106363316358,302373,330,1,20,Chicago
54,206562706305,302377,332,1,20,Chicago
54,106262716296,302378,332,1,20,Chicago
54,106262996303,302379,332,1,20,Chicago
54,112762716296,302382,341,0,19,Milwaukee
42954,206562706284,302384,6065,1,,Virginia Beach
42954,206262706288,302387,6067,1,,Virginia Beach
54,112763067270,302394,334,1,20,Chicago
54,112763067270,302399,336,1,20,Chicago
54,112762977270,302402,338,1,20,Chicago
54,112762977270,302405,342,1,20,Chicago
42991,112762977270,302409,1340,1,337,Chicago
42954,206262706329,302434,3536,1,,Auburn
42954,106263346358,302436,3536,1,,Auburn
42954,106063626365,302438,3536,1,,Auburn
42954,206262706329,302442,3642,1,,Auburn
42954,106263346358,302444,3642,1,,Auburn
42954,106063626365,302446,3642,1,,Auburn
42954,206262706329,302450,3646,1,,Auburn
42954,106263346358,302452,3646,1,,Auburn
42954,106063626365,302454,3646,1,,Auburn
42954,100663306331,302966,5006,1,,Emeryville
42954,100263597001,302967,5006,1,,Emeryville
42954,206262706329,302970,6624,1,,Emeryville
42954,106263346358,302972,6624,1,,Emeryville
42954,106063626365,302974,6624,1,,Emeryville
42954,206262706329,302978,6628,1,,Emeryville
42954,106263346358,302980,6628,1,,Emeryville
42954,106063626365,302982,6628,1,,Emeryville
42954,206262706329,302986,6630,1,,Emeryville
42954,106263346358,302988,6630,1,,Emeryville
42954,106063626365,302990,6630,1,,Emeryville
42954,206262706329,302994,6632,1,,Emeryville
42954,106263346358,302996,6632,1,,Emeryville
42954,106063626365,302998,6632,1,,Emeryville
42954,206262706329,303002,6634,1,,Emeryville
42954,106263346358,303004,6634,1,,Emeryville
42954,106063626365,303006,6634,1,,Emeryville
42954,100663306331,303010,6668,1,,Emeryville
42954,100263597001,303011,6668,1,,Emeryville
42954,100663306331,303014,6670,1,,Emeryville
42954,100263597001,303015,6670,1,,Emeryville
40751,206262706282,302031,2115,1,326,Washington
40751,106262856317,302032,2115,1,326,Washington
40751,106263206329,302033,2115,1,326,Washington
40751,106263316352,302035,2115,1,326,Washington
40751,106063556365,302036,2115,1,326,Washington
40751,106270047270,302038,2115,1,326,Washington
81,212762706287,302060,448,1,126,Boston
81,100762886290,302061,448,1,,Rensselaer
81,112762916308,302062,448,1,126,Boston
81,100763096311,302063,448,1,,Rensselaer
81,112763127071,302064,448,1,126,Boston
81,100170727072,302065,448,1,126,Boston
81,212762706289,302071,449,0,125,Chicago
81,109762906292,302072,449,0,,Chicago
81,112762936310,302073,449,0,125,Chicago
81,109763116313,302074,449,0,,Chicago
81,112763147071,302075,449,0,125,Chicago
81,100170727072,302076,449,0,125,Chicago
42954,106263207270,302110,6193,1,,Virginia Beach
42954,206562706284,302112,6087,0,,Newport News
42954,100663306331,303018,6674,1,,Emeryville
42954,100263597001,303019,6674,1,,Emeryville
42954,100663306331,303022,6678,1,,Emeryville
42954,100263597001,303023,6678,1,,Emeryville
42954,100663306331,303026,6682,1,,Emeryville
42954,100263597001,303027,6682,1,,Emeryville
42954,100663306331,303030,6684,1,,Emeryville
42954,100263597001,303031,6684,1,,Emeryville
42954,100663306331,303034,6686,1,,Emeryville
42954,100263597001,303035,6686,1,,Emeryville
42954,100663306331,303038,6692,1,,Emeryville
42954,100263597001,303039,6692,1,,Emeryville
42954,100663306331,303042,6696,1,,Emeryville
42954,100263597001,303043,6696,1,,Emeryville
42954,100663306331,303046,6698,1,,Emeryville
42954,100263597001,303047,6698,1,,Emeryville
42954,206262706329,303050,6626,1,,Emeryville
42954,106263346358,303052,6626,1,,Emeryville
42954,106063626365,303054,6626,1,,Emeryville
42954,100663306331,303058,6688,1,,Emeryville
42954,100263597001,303059,6688,1,,Emeryville
42954,206262706329,303062,6636,1,,Emeryville
42954,106263346358,303064,6636,1,,Emeryville
42954,106063626365,303066,6636,1,,Emeryville
42954,206262706329,303070,6638,1,,Emeryville
42954,106263346358,303072,6638,1,,Emeryville
42954,106063626365,303074,6638,1,,Emeryville
42954,206262706329,303078,6640,1,,Emeryville
42954,106263346358,303080,6640,1,,Emeryville
42954,106063626365,303082,6640,1,,Emeryville
42954,206262706329,303086,6642,1,,Emeryville
42954,106263346358,303088,6642,1,,Emeryville
42954,106063626365,303090,6642,1,,Emeryville
42954,206262706329,303094,6644,1,,Emeryville
42954,106263346358,303096,6644,1,,Emeryville
42954,106063626365,303098,6644,1,,Emeryville
42954,206262706329,303102,6648,1,,Emeryville
42954,106263346358,303104,6648,1,,Emeryville
42954,106063626365,303106,6648,1,,Emeryville
42954,206262706329,303110,6650,1,,Emeryville
42954,106263346358,303112,6650,1,,Emeryville
42954,106063626365,303114,6650,1,,Emeryville
42954,206562706284,302130,6187,1,,Virginia Beach
42954,112770027270,302493,5419,0,,Bakersfield
42954,306562707270,302696,6673,0,,San Francisco
42954,106270047270,302748,6621,0,,San Francisco
42954,106270047270,302756,6623,0,,San Francisco
42954,106270047270,302764,6625,0,,San Francisco
42954,106270047270,302770,6627,0,,San Francisco
42954,106270047270,302778,6629,0,,San Francisco
42954,106270047270,302786,6631,0,,San Francisco
42954,106270047270,302794,6635,0,,San Francisco
42954,106270047270,302802,6637,0,,San Francisco
42954,106270047270,302810,6641,0,,San Francisco
42954,106270047270,302818,6643,0,,San Francisco
42954,106270047270,302826,6645,0,,San Francisco
42954,106270047270,302834,6647,0,,San Francisco
42954,106270047270,302842,6649,0,,San Francisco
42954,106270047270,302850,6651,0,,San Francisco
42954,306562707270,302851,6697,0,,San Francisco
42954,106270047270,302862,6639,0,,San Francisco
88,106270047270,303157,137,1,260,Washington
88,206262706282,303191,172,0,264,Boston
88,106263206329,303194,172,0,264,Boston
88,106263316358,303196,172,0,264,Boston
88,106063626365,303198,172,0,264,Boston
54,100262756296,302361,343,0,19,Milwaukee
42991,112762716296,302365,1333,0,338,St. Paul
54,106363607270,302375,330,1,20,Chicago
54,112763067270,302380,332,1,20,Chicago
54,112762977270,302383,341,0,19,Milwaukee
42954,106563047270,302386,6065,1,,Virginia Beach
42954,106263017270,302389,6067,1,,Virginia Beach
42954,212762706327,302414,5703,0,,Bakersfield
42954,108863286333,302415,5703,0,,Bakersfield
42954,100763306332,302416,5703,0,,Bakersfield
42954,212762706327,302420,5719,0,,Bakersfield
42954,108863286333,302421,5719,0,,Bakersfield
42954,100763306332,302422,5719,0,,Bakersfield
42954,212762706327,302426,5919,0,,Bakersfield
42954,108863286333,302427,5919,0,,Bakersfield
42954,100763306332,302428,5919,0,,Bakersfield
42954,106270047270,302522,3623,0,,Sacramento
42985,306262707270,296325,9422,0,,Baltimore
42985,306262707270,296328,9424,0,,Baltimore
42985,306262707270,296332,9426,0,,Baltimore
42985,306262707270,296335,9428,0,,Baltimore
42985,306262707270,296338,9430,0,,Baltimore
42985,306262707270,296341,9438,0,,Baltimore
42985,306262707270,296344,9440,0,,Baltimore
42985,306262707270,296347,9445,1,,Washington
42985,306262707270,296350,9447,1,,Washington
42985,306262707270,296353,9448,0,,Baltimore
42985,306262707270,296356,9449,1,,Washington
42985,306262707270,296359,9502,0,,Perryville
42985,306262707270,296362,9520,0,,Perryville
42985,306262707270,296365,9532,0,,Perryville
42985,306262707270,296368,9536,0,,Perryville
42985,306262707270,296371,9548,0,,Perryville
42985,306262707270,296374,9550,0,,Perryville
42985,306262707270,296377,9554,0,,Perryville
42985,306262707270,296380,9579,1,,Baltimore
42985,306262707270,296383,9610,0,,Martin Airport
42985,306262707270,296386,9612,0,,Martin Airport
42985,306262707270,296390,9634,0,,Martin Airport
42985,306262707270,296393,9652,0,,Perryville
42985,306262707270,296396,9400,0,,Baltimore
42985,306262707270,296399,9404,0,,Baltimore
42985,306262707270,296402,9408,0,,Baltimore
42985,306262707270,296405,9410,0,,Baltimore
42985,306262707270,296408,9412,0,,Baltimore
54,106262716296,302338,329,0,19,Milwaukee
54,106262996329,302339,329,0,19,Milwaukee
54,106263316358,302341,329,0,19,Milwaukee
54,112762977270,302356,337,0,19,Milwaukee
54,112762977270,302359,339,0,19,Milwaukee
54,206562706305,302391,334,1,20,Chicago
54,106262716296,302392,334,1,20,Chicago
54,106262996303,302393,334,1,20,Chicago
54,206562706305,302396,336,1,20,Chicago
54,106262716296,302397,336,1,20,Chicago
54,106262996303,302398,336,1,20,Chicago
54,112762716296,302401,338,1,20,Chicago
54,112762716296,302404,342,1,20,Chicago
42991,112762716296,302408,1340,1,337,Chicago
42954,106270047270,302439,3536,1,,Auburn
42954,106270047270,302447,3642,1,,Auburn
42954,106270047270,302455,3646,1,,Auburn
42954,206262706329,302517,3623,0,,Sacramento
42954,106263346358,302519,3623,0,,Sacramento
42954,106063626365,302521,3623,0,,Sacramento
42954,100663306331,302707,6653,0,,San Francisco
42954,100263597001,302708,6653,0,,San Francisco
42954,100663306331,302711,6677,0,,San Francisco
42954,100263597001,302712,6677,0,,San Francisco
42954,100663306331,302715,6679,0,,San Francisco
42954,100263597001,302716,6679,0,,San Francisco
42954,100663306331,302719,6683,0,,San Francisco
42954,100263597001,302720,6683,0,,San Francisco
42954,100663306331,302723,6691,0,,San Francisco
42954,100263597001,302724,6691,0,,San Francisco
42954,100663306331,302727,6693,0,,San Francisco
42954,100263597001,302728,6693,0,,San Francisco
42954,100663306331,302731,6695,0,,San Francisco
42954,100263597001,302732,6695,0,,San Francisco
42954,100663306331,302735,6699,0,,San Francisco
42954,100263597001,302736,6699,0,,San Francisco
42954,100663306331,302739,6687,0,,San Francisco
42954,100263597001,302740,6687,0,,San Francisco
88,206262706282,303150,137,1,260,Washington
88,106263206329,303152,137,1,260,Washington
88,106263316352,303154,137,1,260,Washington
88,106063556365,303155,137,1,260,Washington
88,106270047270,303199,172,0,264,Boston
88,206462706277,296178,120,0,237,New York
88,100163326332,296182,120,0,237,New York
88,206462706277,296186,122,0,237,New York
88,100163326332,296190,122,0,237,New York
88,206462706277,296210,104,0,237,New York
88,100163326332,296214,104,0,237,New York
88,206462706277,296218,100,0,237,New York
88,100163326332,296222,100,0,237,New York
42985,306262707270,296234,9401,1,,Washington
42985,306262707270,296237,9403,1,,Washington
42985,306262707270,296240,9407,1,,Washington
42985,306262707270,296243,9409,1,,Washington
42985,306262707270,296246,9413,1,,Washington
42985,306262707270,296249,9415,1,,Washington
42985,306262707270,296252,9419,1,,Washington
42985,306262707270,296255,9421,1,,Washington
42985,306262707270,296258,9423,1,,Washington
42985,306262707270,296414,9414,0,,Baltimore
42985,306262707270,296417,9416,0,,Baltimore
42985,306262707270,296420,9418,0,,Baltimore
42985,306262707270,296423,9446,0,,Baltimore
42985,306262707270,296426,9544,0,,Perryville
42985,306262707270,296429,9642,0,,Martin Airport
42957,312762707270,296759,380,1,,Chicago
72,312762707270,296762,381,0,69,Quincy
42985,306262707270,296261,9427,1,,Washington
42985,306262707270,296264,9429,1,,Washington
42985,306262707270,296267,9431,1,,Washington
42985,306262707270,296270,9433,1,,Washington
42985,306262707270,296273,9435,1,,Washington
42985,306262707270,296276,9439,1,,Washington
42985,306262707270,296279,9443,1,,Washington
42985,306262707270,296282,9451,1,,Washington
42985,306262707270,296285,9505,1,,Washington
42985,306262707270,296288,9511,1,,Washington
42985,306262707270,296291,9517,1,,Washington
42985,306262707270,296294,9525,1,,Washington
42985,306262707270,296297,9537,1,,Washington
42985,306262707270,296300,9583,1,,Baltimore
42985,306262707270,296303,9585,1,,Baltimore
42985,306262707270,296306,9587,1,,Baltimore
42985,306262707270,296309,9613,1,,Baltimore
42985,306262707270,296312,9641,0,,Washington
42985,306262707270,296315,9679,1,,Washington
42985,306062707270,296318,9455,1,,Washington
42948,306262707270,296719,1600,1,,New London
42948,306262707270,296725,1604,1,,New London
42948,306262707270,296728,1606,1,,New London
42948,306262707270,296731,1610,1,,New London
42948,306262707270,296737,1634,1,,New London
42948,306262707270,296740,1638,1,,New London
42948,306262707270,296743,1652,1,,New London
42948,306262707270,296746,1699,0,,New Haven
42948,306262707270,296754,1695,0,,New Haven
42948,306562707270,296639,3604,1,,New London
42948,306562707270,296643,3610,1,,New London
42948,306562707270,296647,3613,0,,New Haven
42948,306562707270,296651,3618,1,,New London
42948,306562707270,296655,3621,0,,New Haven
42948,306562707270,296659,3629,0,,New Haven
42948,306562707270,296663,3637,0,,New Haven
42948,306562707270,296667,3645,0,,New Haven
42948,306562707270,296669,3652,1,,New London
42948,306562707270,296671,3690,1,,New London
42948,306562707270,296675,3692,1,,New London
42948,306562707270,296677,3699,0,,New Haven
42948,306562707270,296679,3034,1,,New London
42948,306262707270,296683,1637,0,,New Haven
42948,306262707270,296686,1645,0,,New Haven
42948,306262707270,296689,1659,0,,New Haven
42948,306262707270,296692,1667,0,,New Haven
42948,306262707270,296695,1687,0,,New Haven
42948,306262707270,296698,1633,0,,New Haven
42948,306562707270,296701,3655,0,,New Haven
42948,306562707270,296705,3663,0,,New Haven
42948,306562707270,296707,3644,1,,New London
42954,312762707270,296792,5801,0,,Bakersfield
88,106462776277,297244,149,1,260,Washington
88,106463266347,297246,149,1,260,Washington
88,100163326332,297247,149,1,260,Washington
40751,106562766277,297316,2259,1,324,Washington
40751,106563256347,297318,2259,1,324,Washington
40751,100463306330,297319,2259,1,324,Washington
40751,100263597001,297321,2259,1,324,Washington
40751,106562766277,297333,2265,1,324,Washington
40751,100163256346,297335,2265,1,324,Washington
40751,106463266347,297336,2265,1,324,Washington
40751,100463306330,297337,2265,1,324,Washington
40751,100263597001,297340,2265,1,324,Washington
40751,106563537270,297398,2267,1,324,Washington
88,106270047270,297788,176,0,264,Boston
36949,312762707270,296899,290,1,370,New York
96,112770747270,296924,6,1,174,Chicago
96,112770747270,296932,5,0,173,Emeryville
42956,306562707270,296943,365,0,172,Chicago
42956,106262717270,296944,365,0,172,Chicago
96,212762706340,296919,6,1,174,Chicago
96,112763417070,296920,6,1,174,Chicago
96,100270717071,296921,6,1,174,Chicago
96,106470737073,296923,6,1,174,Chicago
96,212762706340,296927,5,0,173,Emeryville
96,112763417070,296928,5,0,173,Emeryville
96,100270717071,296929,5,0,173,Emeryville
96,106470737073,296931,5,0,173,Emeryville
42957,312762707270,296992,383,0,,Quincy
72,312762707270,296998,382,1,70,Chicago
60,312762707270,297072,500,0,290,Seattle
42956,306562707270,296938,364,1,171,Port Huron
42956,106262717270,296939,364,1,171,Port Huron
88,106462776277,297711,154,0,264,Boston
88,100163326332,297715,154,0,264,Boston
60,312762707270,297804,502,0,290,Seattle
88,106262856317,296974,1082,0,264,Boston
40751,106463267270,297613,2290,0,325,Boston
88,106262726282,297780,176,0,264,Boston
88,106263206329,297783,176,0,264,Boston
88,106263316358,297785,176,0,264,Boston
88,106063626365,297787,176,0,264,Boston
40751,106563257270,297828,2258,0,327,Boston
40751,106463267270,297685,2254,0,327,Boston
40751,100163397270,297687,2254,0,327,Boston
88,106463267270,297714,154,0,264,Boston
60,312762707270,297757,505,1,293,Portland
40751,106462776277,297611,2290,0,325,Boston
40751,100163326332,297614,2290,0,325,Boston
40751,100162766276,297678,2254,0,327,Boston
40751,106462776277,297679,2254,0,327,Boston
40751,100563256330,297684,2254,0,327,Boston
40751,100163326332,297686,2254,0,327,Boston
40751,100263597001,297688,2254,0,327,Boston
